MovieIdsNew,movieId,title,genres
0,1,Toy Story (1995),Adventure|Animation|Children|Comedy|Fantasy
1,2,Jumanji (1995),Adventure|Children|Fantasy
2,3,Grumpier Old Men (1995),Comedy|Romance
3,4,Waiting to Exhale (1995),Comedy|Drama|Romance
4,5,Father of the Bride Part II (1995),Comedy
5,6,Heat (1995),Action|Crime|Thriller
6,7,Sabrina (1995),Comedy|Romance
7,9,Sudden Death (1995),Action
8,10,GoldenEye (1995),Action|Adventure|Thriller
9,11,"American President, The (1995)",Comedy|Drama|Romance
10,12,Dracula: Dead and Loving It (1995),Comedy|Horror
11,14,Nixon (1995),Drama
12,15,Cutthroat Island (1995),Action|Adventure|Romance
13,16,Casino (1995),Crime|Drama
14,17,Sense and Sensibility (1995),Drama|Romance
15,18,Four Rooms (1995),Comedy
16,19,Ace Ventura: When Nature Calls (1995),Comedy
17,20,Money Train (1995),Action|Comedy|Crime|Drama|Thriller
18,21,Get Shorty (1995),Comedy|Crime|Thriller
19,22,Copycat (1995),Crime|Drama|Horror|Mystery|Thriller
20,23,Assassins (1995),Action|Crime|Thriller
21,24,Powder (1995),Drama|Sci-Fi
22,25,Leaving Las Vegas (1995),Drama|Romance
23,26,Othello (1995),Drama
24,28,Persuasion (1995),Drama|Romance
25,29,"City of Lost Children, The (Cité des enfants perdus, La) (1995)",Adventure|Drama|Fantasy|Mystery|Sci-Fi
26,31,Dangerous Minds (1995),Drama
27,32,Twelve Monkeys (a.k.a. 12 Monkeys) (1995),Mystery|Sci-Fi|Thriller
28,34,Babe (1995),Children|Drama
29,36,Dead Man Walking (1995),Crime|Drama
30,39,Clueless (1995),Comedy|Romance
31,41,Richard III (1995),Drama|War
32,42,Dead Presidents (1995),Action|Crime|Drama
33,43,Restoration (1995),Drama
34,44,Mortal Kombat (1995),Action|Adventure|Fantasy
35,45,To Die For (1995),Comedy|Drama|Thriller
36,46,How to Make an American Quilt (1995),Drama|Romance
37,47,Seven (a.k.a. Se7en) (1995),Mystery|Thriller
38,48,Pocahontas (1995),Animation|Children|Drama|Musical|Romance
39,50,"Usual Suspects, The (1995)",Crime|Mystery|Thriller
40,52,Mighty Aphrodite (1995),Comedy|Drama|Romance
41,57,Home for the Holidays (1995),Drama
42,58,"Postman, The (Postino, Il) (1994)",Comedy|Drama|Romance
43,60,"Indian in the Cupboard, The (1995)",Adventure|Children|Fantasy
44,61,Eye for an Eye (1996),Drama|Thriller
45,62,Mr. Holland's Opus (1995),Drama
46,63,Don't Be a Menace to South Central While Drinking Your Juice in the Hood (1996),Comedy|Crime
47,65,Bio-Dome (1996),Comedy
48,66,Lawnmower Man 2: Beyond Cyberspace (1996),Action|Sci-Fi|Thriller
49,69,Friday (1995),Comedy
50,70,From Dusk Till Dawn (1996),Action|Comedy|Horror|Thriller
51,73,"Misérables, Les (1995)",Drama|War
52,74,Bed of Roses (1996),Drama|Romance
53,76,Screamers (1995),Action|Sci-Fi|Thriller
54,79,"Juror, The (1996)",Drama|Thriller
55,81,Things to Do in Denver When You're Dead (1995),Crime|Drama|Romance
56,82,Antonia's Line (Antonia) (1995),Comedy|Drama
57,85,Angels and Insects (1995),Drama|Romance
58,86,White Squall (1996),Action|Adventure|Drama
59,88,Black Sheep (1996),Comedy
60,89,Nick of Time (1995),Action|Thriller
61,92,Mary Reilly (1996),Drama|Horror|Thriller
62,93,Vampire in Brooklyn (1995),Comedy|Horror|Romance
63,94,Beautiful Girls (1996),Comedy|Drama|Romance
64,95,Broken Arrow (1996),Action|Adventure|Thriller
65,100,City Hall (1996),Drama|Thriller
66,101,Bottle Rocket (1996),Adventure|Comedy|Crime|Romance
67,102,Mr. Wrong (1996),Comedy
68,104,Happy Gilmore (1996),Comedy
69,105,"Bridges of Madison County, The (1995)",Drama|Romance
70,107,Muppet Treasure Island (1996),Adventure|Children|Comedy|Musical
71,110,Braveheart (1995),Action|Drama|War
72,111,Taxi Driver (1976),Crime|Drama|Thriller
73,112,Rumble in the Bronx (Hont faan kui) (1995),Action|Adventure|Comedy|Crime
74,122,Boomerang (1992),Comedy|Romance
75,123,Chungking Express (Chung Hing sam lam) (1994),Drama|Mystery|Romance
76,125,Flirting With Disaster (1996),Comedy
77,132,Jade (1995),Thriller
78,135,Down Periscope (1996),Comedy
79,140,Up Close and Personal (1996),Drama|Romance
80,141,"Birdcage, The (1996)",Comedy
81,144,"Brothers McMullen, The (1995)",Comedy
82,145,Bad Boys (1995),Action|Comedy|Crime|Drama|Thriller
83,147,"Basketball Diaries, The (1995)",Drama
84,150,Apollo 13 (1995),Adventure|Drama|IMAX
85,151,Rob Roy (1995),Action|Drama|Romance|War
86,153,Batman Forever (1995),Action|Adventure|Comedy|Crime
87,154,Beauty of the Day (Belle de jour) (1967),Drama
88,157,Canadian Bacon (1995),Comedy|War
89,158,Casper (1995),Adventure|Children
90,159,Clockers (1995),Crime|Drama|Mystery
91,160,Congo (1995),Action|Adventure|Mystery|Sci-Fi
92,161,Crimson Tide (1995),Drama|Thriller|War
93,162,Crumb (1994),Documentary
94,163,Desperado (1995),Action|Romance|Western
95,164,Devil in a Blue Dress (1995),Crime|Film-Noir|Mystery|Thriller
96,165,Die Hard: With a Vengeance (1995),Action|Crime|Thriller
97,168,First Knight (1995),Action|Drama|Romance
98,169,Free Willy 2: The Adventure Home (1995),Adventure|Children|Drama
99,170,Hackers (1995),Action|Adventure|Crime|Thriller
100,172,Johnny Mnemonic (1995),Action|Sci-Fi|Thriller
101,173,Judge Dredd (1995),Action|Crime|Sci-Fi
102,174,Jury Duty (1995),Comedy
103,175,Kids (1995),Drama
104,176,Living in Oblivion (1995),Comedy
105,177,Lord of Illusions (1995),Horror
106,180,Mallrats (1995),Comedy|Romance
107,181,Mighty Morphin Power Rangers: The Movie (1995),Action|Children
108,185,"Net, The (1995)",Action|Crime|Thriller
109,186,Nine Months (1995),Comedy|Romance
110,188,"Prophecy, The (1995)",Fantasy|Horror|Mystery
111,193,Showgirls (1995),Drama
112,194,Smoke (1995),Comedy|Drama
113,195,Something to Talk About (1995),Comedy|Drama|Romance
114,196,Species (1995),Horror|Sci-Fi
115,198,Strange Days (1995),Action|Crime|Drama|Mystery|Sci-Fi|Thriller
116,203,"To Wong Foo, Thanks for Everything! Julie Newmar (1995)",Comedy
117,204,Under Siege 2: Dark Territory (1995),Action
118,207,"Walk in the Clouds, A (1995)",Drama|Romance
119,208,Waterworld (1995),Action|Adventure|Sci-Fi
120,215,Before Sunrise (1995),Drama|Romance
121,216,Billy Madison (1995),Comedy
122,218,Boys on the Side (1995),Comedy|Drama
123,222,Circle of Friends (1995),Drama|Romance
124,223,Clerks (1994),Comedy
125,224,Don Juan DeMarco (1995),Comedy|Drama|Romance
126,225,Disclosure (1994),Drama|Thriller
127,227,Drop Zone (1994),Action|Thriller
128,229,Death and the Maiden (1994),Drama|Thriller
129,230,Dolores Claiborne (1995),Drama|Thriller
130,231,Dumb & Dumber (Dumb and Dumber) (1994),Adventure|Comedy
131,232,Eat Drink Man Woman (Yin shi nan nu) (1994),Comedy|Drama|Romance
132,233,Exotica (1994),Drama
133,234,Exit to Eden (1994),Comedy
134,235,Ed Wood (1994),Comedy|Drama
135,236,French Kiss (1995),Action|Comedy|Romance
136,237,Forget Paris (1995),Comedy|Romance
137,239,"Goofy Movie, A (1995)",Animation|Children|Comedy|Romance
138,246,Hoop Dreams (1994),Documentary
139,247,Heavenly Creatures (1994),Crime|Drama
140,248,Houseguest (1994),Comedy
141,249,Immortal Beloved (1994),Drama|Romance
142,252,I.Q. (1994),Comedy|Romance
143,253,Interview with the Vampire: The Vampire Chronicles (1994),Drama|Horror
144,256,Junior (1994),Comedy|Sci-Fi
145,257,Just Cause (1995),Mystery|Thriller
146,260,Star Wars: Episode IV - A New Hope (1977),Action|Adventure|Sci-Fi
147,261,Little Women (1994),Drama
148,262,"Little Princess, A (1995)",Children|Drama
149,265,Like Water for Chocolate (Como agua para chocolate) (1992),Drama|Fantasy|Romance
150,266,Legends of the Fall (1994),Drama|Romance|War|Western
151,267,Major Payne (1995),Comedy
152,272,"Madness of King George, The (1994)",Comedy|Drama
153,273,Mary Shelley's Frankenstein (Frankenstein) (1994),Drama|Horror|Sci-Fi
154,276,Milk Money (1994),Comedy|Romance
155,277,Miracle on 34th Street (1994),Drama
156,280,Murder in the First (1995),Drama|Thriller
157,281,Nobody's Fool (1994),Comedy|Drama|Romance
158,282,Nell (1994),Drama
159,288,Natural Born Killers (1994),Action|Crime|Thriller
160,289,Only You (1994),Comedy|Romance
161,290,Once Were Warriors (1994),Crime|Drama
162,292,Outbreak (1995),Action|Drama|Sci-Fi|Thriller
163,293,Léon: The Professional (a.k.a. The Professional) (Léon) (1994),Action|Crime|Drama|Thriller
164,296,Pulp Fiction (1994),Comedy|Crime|Drama|Thriller
165,299,Priest (1994),Drama
166,300,Quiz Show (1994),Drama
167,303,"Quick and the Dead, The (1995)",Action|Thriller|Western
168,305,Ready to Wear (Pret-A-Porter) (1994),Comedy
169,306,Three Colors: Red (Trois couleurs: Rouge) (1994),Drama
170,307,Three Colors: Blue (Trois couleurs: Bleu) (1993),Drama
171,308,Three Colors: White (Trzy kolory: Bialy) (1994),Comedy|Drama
172,314,"Secret of Roan Inish, The (1994)",Children|Drama|Fantasy|Mystery
173,315,"Specialist, The (1994)",Action|Drama|Thriller
174,316,Stargate (1994),Action|Adventure|Sci-Fi
175,317,"Santa Clause, The (1994)",Comedy|Drama|Fantasy
176,318,"Shawshank Redemption, The (1994)",Crime|Drama
177,319,Shallow Grave (1994),Comedy|Drama|Thriller
178,322,Swimming with Sharks (1995),Comedy|Drama
179,327,Tank Girl (1995),Action|Comedy|Sci-Fi
180,328,Tales from the Crypt Presents: Demon Knight (1995),Horror|Thriller
181,329,Star Trek: Generations (1994),Adventure|Drama|Sci-Fi
182,332,Village of the Damned (1995),Horror|Sci-Fi
183,333,Tommy Boy (1995),Comedy
184,337,What's Eating Gilbert Grape (1993),Drama
185,338,Virtuosity (1995),Action|Sci-Fi|Thriller
186,339,While You Were Sleeping (1995),Comedy|Romance
187,342,Muriel's Wedding (1994),Comedy
188,344,Ace Ventura: Pet Detective (1994),Comedy
189,345,"Adventures of Priscilla, Queen of the Desert, The (1994)",Comedy|Drama
190,348,Bullets Over Broadway (1994),Comedy
191,349,Clear and Present Danger (1994),Action|Crime|Drama|Thriller
192,350,"Client, The (1994)",Drama|Mystery|Thriller
193,351,"Corrina, Corrina (1994)",Comedy|Drama|Romance
194,353,"Crow, The (1994)",Action|Crime|Fantasy|Thriller
195,355,"Flintstones, The (1994)",Children|Comedy|Fantasy
196,356,Forrest Gump (1994),Comedy|Drama|Romance|War
197,357,Four Weddings and a Funeral (1994),Comedy|Romance
198,358,Higher Learning (1995),Drama
199,360,I Love Trouble (1994),Action|Comedy
200,361,It Could Happen to You (1994),Comedy|Drama|Romance
201,362,"Jungle Book, The (1994)",Adventure|Children|Romance
202,364,"Lion King, The (1994)",Adventure|Animation|Children|Drama|Musical|IMAX
203,365,Little Buddha (1993),Drama
204,366,"Wes Craven's New Nightmare (Nightmare on Elm Street Part 7: Freddy's Finale, A) (1994)",Drama|Horror|Mystery|Thriller
205,367,"Mask, The (1994)",Action|Comedy|Crime|Fantasy
206,368,Maverick (1994),Adventure|Comedy|Western
207,370,Naked Gun 33 1/3: The Final Insult (1994),Action|Comedy
208,371,"Paper, The (1994)",Comedy|Drama
209,372,Reality Bites (1994),Comedy|Drama|Romance
210,373,Red Rock West (1992),Thriller
211,374,Richie Rich (1994),Children|Comedy
212,376,"River Wild, The (1994)",Action|Thriller
213,377,Speed (1994),Action|Romance|Thriller
214,378,Speechless (1994),Comedy|Romance
215,379,Timecop (1994),Action|Sci-Fi|Thriller
216,380,True Lies (1994),Action|Adventure|Comedy|Romance|Thriller
217,381,When a Man Loves a Woman (1994),Drama|Romance
218,382,Wolf (1994),Drama|Horror|Romance|Thriller
219,383,Wyatt Earp (1994),Western
220,405,Highlander III: The Sorcerer (a.k.a. Highlander: The Final Dimension) (1994),Action|Fantasy
221,410,Addams Family Values (1993),Children|Comedy|Fantasy
222,412,"Age of Innocence, The (1993)",Drama
223,413,Airheads (1994),Comedy
224,415,Another Stakeout (1993),Comedy|Thriller
225,417,Barcelona (1994),Comedy|Romance
226,419,"Beverly Hillbillies, The (1993)",Comedy
227,420,Beverly Hills Cop III (1994),Action|Comedy|Crime|Thriller
228,423,Blown Away (1994),Action|Thriller
229,426,Body Snatchers (1993),Horror|Sci-Fi|Thriller
230,427,Boxing Helena (1993),Drama|Mystery|Romance|Thriller
231,428,"Bronx Tale, A (1993)",Drama
232,431,Carlito's Way (1993),Crime|Drama
233,432,City Slickers II: The Legend of Curly's Gold (1994),Adventure|Comedy|Western
234,434,Cliffhanger (1993),Action|Adventure|Thriller
235,435,Coneheads (1993),Comedy|Sci-Fi
236,440,Dave (1993),Comedy|Romance
237,441,Dazed and Confused (1993),Comedy
238,442,Demolition Man (1993),Action|Adventure|Sci-Fi
239,446,Farewell My Concubine (Ba wang bie ji) (1993),Drama|Romance
240,448,Fearless (1993),Drama
241,450,With Honors (1994),Comedy|Drama
242,454,"Firm, The (1993)",Drama|Thriller
243,455,Free Willy (1993),Adventure|Children|Drama
244,457,"Fugitive, The (1993)",Thriller
245,464,Hard Target (1993),Action|Adventure|Crime|Thriller
246,466,Hot Shots! Part Deux (1993),Action|Comedy|War
247,468,"Englishman Who Went Up a Hill But Came Down a Mountain, The (1995)",Comedy|Romance
248,471,"Hudsucker Proxy, The (1994)",Comedy
249,474,In the Line of Fire (1993),Action|Thriller
250,475,In the Name of the Father (1993),Drama
251,477,What's Love Got to Do with It? (1993),Drama|Musical
252,480,Jurassic Park (1993),Action|Adventure|Sci-Fi|Thriller
253,481,Kalifornia (1993),Drama|Thriller
254,482,Killing Zoe (1994),Crime|Drama|Thriller
255,485,Last Action Hero (1993),Action|Adventure|Comedy|Fantasy
256,489,Made in America (1993),Comedy
257,490,Malice (1993),Thriller
258,491,"Man Without a Face, The (1993)",Drama
259,492,Manhattan Murder Mystery (1993),Comedy|Mystery
260,493,Menace II Society (1993),Action|Crime|Drama
261,494,Executive Decision (1996),Action|Adventure|Thriller
262,497,Much Ado About Nothing (1993),Comedy|Romance
263,500,Mrs. Doubtfire (1993),Comedy|Drama
264,501,Naked (1993),Drama
265,502,"Next Karate Kid, The (1994)",Action|Children|Romance
266,507,"Perfect World, A (1993)",Crime|Drama|Thriller
267,508,Philadelphia (1993),Drama
268,509,"Piano, The (1993)",Drama|Romance
269,514,"Ref, The (1994)",Comedy
270,515,"Remains of the Day, The (1993)",Drama|Romance
271,516,Renaissance Man (1994),Comedy|Drama
272,517,Rising Sun (1993),Action|Drama|Mystery
273,519,RoboCop 3 (1993),Action|Crime|Drama|Sci-Fi|Thriller
274,520,Robin Hood: Men in Tights (1993),Comedy
275,521,Romeo Is Bleeding (1993),Crime|Thriller
276,524,Rudy (1993),Drama
277,527,Schindler's List (1993),Drama|War
278,529,Searching for Bobby Fischer (1993),Drama
279,531,"Secret Garden, The (1993)",Children|Drama
280,532,Serial Mom (1994),Comedy|Crime|Horror
281,533,"Shadow, The (1994)",Action|Adventure|Fantasy|Mystery
282,534,Shadowlands (1993),Drama|Romance
283,535,Short Cuts (1993),Drama
284,537,Sirens (1994),Drama
285,538,Six Degrees of Separation (1993),Drama
286,539,Sleepless in Seattle (1993),Comedy|Drama|Romance
287,540,Sliver (1993),Thriller
288,541,Blade Runner (1982),Action|Sci-Fi|Thriller
289,542,Son in Law (1993),Comedy|Drama|Romance
290,543,So I Married an Axe Murderer (1993),Comedy|Romance|Thriller
291,544,Striking Distance (1993),Action|Crime
292,546,Super Mario Bros. (1993),Action|Adventure|Children|Comedy|Fantasy|Sci-Fi
293,548,Terminal Velocity (1994),Action|Mystery|Thriller
294,550,Threesome (1994),Comedy|Romance
295,551,"Nightmare Before Christmas, The (1993)",Animation|Children|Fantasy|Musical
296,552,"Three Musketeers, The (1993)",Action|Adventure|Comedy|Romance
297,553,Tombstone (1993),Action|Drama|Western
298,555,True Romance (1993),Crime|Thriller
299,562,Welcome to the Dollhouse (1995),Comedy|Drama
300,575,"Little Rascals, The (1994)",Children|Comedy
301,581,"Celluloid Closet, The (1995)",Documentary
302,585,"Brady Bunch Movie, The (1995)",Comedy
303,586,Home Alone (1990),Children|Comedy
304,587,Ghost (1990),Comedy|Drama|Fantasy|Romance|Thriller
305,588,Aladdin (1992),Adventure|Animation|Children|Comedy|Musical
306,589,Terminator 2: Judgment Day (1991),Action|Sci-Fi
307,590,Dances with Wolves (1990),Adventure|Drama|Western
308,592,Batman (1989),Action|Crime|Thriller
309,593,"Silence of the Lambs, The (1991)",Crime|Horror|Thriller
310,594,Snow White and the Seven Dwarfs (1937),Animation|Children|Drama|Fantasy|Musical
311,595,Beauty and the Beast (1991),Animation|Children|Fantasy|Musical|Romance|IMAX
312,596,Pinocchio (1940),Animation|Children|Fantasy|Musical
313,597,Pretty Woman (1990),Comedy|Romance
314,599,"Wild Bunch, The (1969)",Adventure|Western
315,605,One Fine Day (1996),Drama|Romance
316,608,Fargo (1996),Comedy|Crime|Drama|Thriller
317,609,Homeward Bound II: Lost in San Francisco (1996),Adventure|Children
318,610,Heavy Metal (1981),Action|Adventure|Animation|Horror|Sci-Fi
319,613,Jane Eyre (1996),Drama|Romance
320,616,"Aristocats, The (1970)",Animation|Children
321,628,Primal Fear (1996),Crime|Drama|Mystery|Thriller
322,637,Sgt. Bilko (1996),Comedy
323,640,Diabolique (1996),Drama|Thriller
324,647,Courage Under Fire (1996),Action|Crime|Drama|War
325,648,Mission: Impossible (1996),Action|Adventure|Mystery|Thriller
326,653,Dragonheart (1996),Action|Adventure|Fantasy
327,661,James and the Giant Peach (1996),Adventure|Animation|Children|Fantasy|Musical
328,662,Fear (1996),Thriller
329,663,Kids in the Hall: Brain Candy (1996),Comedy
330,671,Mystery Science Theater 3000: The Movie (1996),Comedy|Sci-Fi
331,673,Space Jam (1996),Adventure|Animation|Children|Comedy|Fantasy|Sci-Fi
332,674,Barbarella (1968),Adventure|Comedy|Sci-Fi
333,678,Some Folks Call It a Sling Blade (1993),Drama|Thriller
334,688,Operation Dumbo Drop (1995),Action|Adventure|Comedy|War
335,694,"Substitute, The (1996)",Action|Crime|Drama
336,707,Mulholland Falls (1996),Crime|Drama|Thriller
337,708,"Truth About Cats & Dogs, The (1996)",Comedy|Romance
338,709,Oliver & Company (1988),Adventure|Animation|Children|Comedy|Musical
339,714,Dead Man (1995),Drama|Mystery|Western
340,719,Multiplicity (1996),Comedy
341,720,Wallace & Gromit: The Best of Aardman Animation (1996),Adventure|Animation|Comedy
342,724,"Craft, The (1996)",Drama|Fantasy|Horror|Thriller
343,728,Cold Comfort Farm (1995),Comedy
344,733,"Rock, The (1996)",Action|Adventure|Thriller
345,736,Twister (1996),Action|Adventure|Romance|Thriller
346,737,Barb Wire (1996),Action|Sci-Fi
347,741,Ghost in the Shell (Kôkaku kidôtai) (1995),Animation|Sci-Fi
348,743,Spy Hard (1996),Comedy
349,745,Wallace & Gromit: A Close Shave (1995),Animation|Children|Comedy
350,748,"Arrival, The (1996)",Action|Sci-Fi|Thriller
351,750,Dr. Strangelove or: How I Learned to Stop Worrying and Love the Bomb (1964),Comedy|War
352,761,"Phantom, The (1996)",Action|Adventure
353,762,Striptease (1996),Comedy|Crime
354,765,Jack (1996),Comedy|Drama
355,778,Trainspotting (1996),Comedy|Crime|Drama
356,780,Independence Day (a.k.a. ID4) (1996),Action|Adventure|Sci-Fi|Thriller
357,781,Stealing Beauty (1996),Drama
358,782,"Fan, The (1996)",Drama|Thriller
359,783,"Hunchback of Notre Dame, The (1996)",Animation|Children|Drama|Musical|Romance
360,784,"Cable Guy, The (1996)",Comedy|Thriller
361,785,Kingpin (1996),Comedy
362,786,Eraser (1996),Action|Drama|Thriller
363,788,"Nutty Professor, The (1996)",Comedy|Fantasy|Romance|Sci-Fi
364,798,Daylight (1996),Action|Adventure|Drama|Thriller
365,799,"Frighteners, The (1996)",Comedy|Horror|Thriller
366,800,Lone Star (1996),Drama|Mystery|Western
367,802,Phenomenon (1996),Drama|Romance
368,804,She's the One (1996),Comedy|Romance
369,805,"Time to Kill, A (1996)",Drama|Thriller
370,818,"Very Brady Sequel, A (1996)",Comedy
371,829,Joe's Apartment (1996),Comedy|Fantasy|Musical
372,830,"First Wives Club, The (1996)",Comedy
373,832,Ransom (1996),Crime|Thriller
374,836,Chain Reaction (1996),Action|Adventure|Thriller
375,837,Matilda (1996),Children|Comedy|Fantasy
376,838,Emma (1996),Comedy|Drama|Romance
377,839,"Crow: City of Angels, The (1996)",Action|Thriller
378,849,Escape from L.A. (1996),Action|Adventure|Sci-Fi|Thriller
379,852,Tin Cup (1996),Comedy|Drama|Romance
380,858,"Godfather, The (1972)",Crime|Drama
381,861,Supercop (Police Story 3: Supercop) (Jing cha gu shi III: Chao ji jing cha) (1992),Action|Comedy|Crime|Thriller
382,866,Bound (1996),Crime|Drama|Romance|Thriller
383,879,"Relic, The (1997)",Horror|Thriller
384,880,"Island of Dr. Moreau, The (1996)",Sci-Fi|Thriller
385,891,Halloween: The Curse of Michael Myers (Halloween 6: The Curse of Michael Myers) (1995),Horror|Thriller
386,898,"Philadelphia Story, The (1940)",Comedy|Drama|Romance
387,899,Singin' in the Rain (1952),Comedy|Musical|Romance
388,900,"American in Paris, An (1951)",Musical|Romance
389,902,Breakfast at Tiffany's (1961),Drama|Romance
390,903,Vertigo (1958),Drama|Mystery|Romance|Thriller
391,904,Rear Window (1954),Mystery|Thriller
392,905,It Happened One Night (1934),Comedy|Romance
393,908,North by Northwest (1959),Action|Adventure|Mystery|Romance|Thriller
394,909,"Apartment, The (1960)",Comedy|Drama|Romance
395,910,Some Like It Hot (1959),Comedy|Crime
396,911,Charade (1963),Comedy|Crime|Mystery|Romance|Thriller
397,912,Casablanca (1942),Drama|Romance
398,913,"Maltese Falcon, The (1941)",Film-Noir|Mystery
399,914,My Fair Lady (1964),Comedy|Drama|Musical|Romance
400,915,Sabrina (1954),Comedy|Romance
401,916,Roman Holiday (1953),Comedy|Drama|Romance
402,919,"Wizard of Oz, The (1939)",Adventure|Children|Fantasy|Musical
403,920,Gone with the Wind (1939),Drama|Romance|War
404,921,My Favorite Year (1982),Comedy
405,922,Sunset Blvd. (a.k.a. Sunset Boulevard) (1950),Drama|Film-Noir|Romance
406,923,Citizen Kane (1941),Drama|Mystery
407,924,2001: A Space Odyssey (1968),Adventure|Drama|Sci-Fi
408,926,All About Eve (1950),Drama
409,928,Rebecca (1940),Drama|Mystery|Romance|Thriller
410,930,Notorious (1946),Film-Noir|Romance|Thriller
411,931,Spellbound (1945),Mystery|Romance|Thriller
412,932,"Affair to Remember, An (1957)",Drama|Romance
413,933,To Catch a Thief (1955),Crime|Mystery|Romance|Thriller
414,934,Father of the Bride (1950),Comedy
415,940,"Adventures of Robin Hood, The (1938)",Action|Adventure|Romance
416,942,Laura (1944),Crime|Film-Noir|Mystery
417,945,Top Hat (1935),Comedy|Musical|Romance
418,949,East of Eden (1955),Drama
419,950,"Thin Man, The (1934)",Comedy|Crime
420,951,His Girl Friday (1940),Comedy|Romance
421,952,Around the World in 80 Days (1956),Adventure|Comedy
422,953,It's a Wonderful Life (1946),Drama|Fantasy|Romance
423,954,Mr. Smith Goes to Washington (1939),Drama
424,955,Bringing Up Baby (1938),Comedy|Romance
425,965,"39 Steps, The (1935)",Drama|Mystery|Thriller
426,968,Night of the Living Dead (1968),Horror|Sci-Fi|Thriller
427,969,"African Queen, The (1951)",Adventure|Comedy|Romance|War
428,971,Cat on a Hot Tin Roof (1958),Drama
429,986,Fly Away Home (1996),Adventure|Children
430,991,Michael Collins (1996),Drama
431,994,Big Night (1996),Comedy|Drama
432,996,Last Man Standing (1996),Action|Crime|Drama|Thriller
433,999,2 Days in the Valley (1996),Crime|Film-Noir
434,1009,Escape to Witch Mountain (1975),Adventure|Children|Fantasy
435,1010,"Love Bug, The (1969)",Children|Comedy
436,1012,Old Yeller (1957),Children|Drama
437,1013,"Parent Trap, The (1961)",Children|Comedy|Romance
438,1015,Homeward Bound: The Incredible Journey (1993),Adventure|Children|Drama
439,1017,Swiss Family Robinson (1960),Adventure|Children
440,1019,"20,000 Leagues Under the Sea (1954)",Adventure|Drama|Sci-Fi
441,1020,Cool Runnings (1993),Comedy
442,1021,Angels in the Outfield (1994),Children|Comedy
443,1022,Cinderella (1950),Animation|Children|Fantasy|Musical|Romance
444,1023,Winnie the Pooh and the Blustery Day (1968),Animation|Children|Musical
445,1025,"Sword in the Stone, The (1963)",Animation|Children|Fantasy|Musical
446,1027,Robin Hood: Prince of Thieves (1991),Adventure|Drama
447,1028,Mary Poppins (1964),Children|Comedy|Fantasy|Musical
448,1029,Dumbo (1941),Animation|Children|Drama|Musical
449,1030,Pete's Dragon (1977),Adventure|Animation|Children|Musical
450,1031,Bedknobs and Broomsticks (1971),Adventure|Children|Musical
451,1032,Alice in Wonderland (1951),Adventure|Animation|Children|Fantasy|Musical
452,1033,"Fox and the Hound, The (1981)",Animation|Children|Drama
453,1035,"Sound of Music, The (1965)",Musical|Romance
454,1036,Die Hard (1988),Action|Crime|Thriller
455,1037,"Lawnmower Man, The (1992)",Action|Horror|Sci-Fi|Thriller
456,1041,Secrets & Lies (1996),Drama
457,1042,That Thing You Do! (1996),Comedy|Drama
458,1047,"Long Kiss Goodnight, The (1996)",Action|Drama|Thriller
459,1049,"Ghost and the Darkness, The (1996)",Action|Adventure
460,1057,Everyone Says I Love You (1996),Comedy|Musical|Romance
461,1059,William Shakespeare's Romeo + Juliet (1996),Drama|Romance
462,1060,Swingers (1996),Comedy|Drama
463,1061,Sleepers (1996),Thriller
464,1064,Aladdin and the King of Thieves (1996),Animation|Children|Comedy|Fantasy|Musical|Romance
465,1073,Willy Wonka & the Chocolate Factory (1971),Children|Comedy|Fantasy|Musical
466,1077,Sleeper (1973),Comedy|Sci-Fi
467,1078,Bananas (1971),Comedy|War
468,1079,"Fish Called Wanda, A (1988)",Comedy|Crime
469,1080,Monty Python's Life of Brian (1979),Comedy
470,1081,Victor/Victoria (1982),Comedy|Musical|Romance
471,1082,"Candidate, The (1972)",Drama
472,1084,Bonnie and Clyde (1967),Crime|Drama
473,1086,Dial M for Murder (1954),Crime|Mystery|Thriller
474,1088,Dirty Dancing (1987),Drama|Musical|Romance
475,1089,Reservoir Dogs (1992),Crime|Mystery|Thriller
476,1090,Platoon (1986),Drama|War
477,1091,Weekend at Bernie's (1989),Comedy
478,1092,Basic Instinct (1992),Crime|Mystery|Thriller
479,1093,"Doors, The (1991)",Drama
480,1094,"Crying Game, The (1992)",Drama|Romance|Thriller
481,1095,Glengarry Glen Ross (1992),Drama
482,1096,Sophie's Choice (1982),Drama
483,1097,E.T. the Extra-Terrestrial (1982),Children|Drama|Sci-Fi
484,1100,Days of Thunder (1990),Action|Drama|Romance
485,1101,Top Gun (1986),Action|Romance
486,1103,Rebel Without a Cause (1955),Drama
487,1104,"Streetcar Named Desire, A (1951)",Drama
488,1111,Microcosmos (Microcosmos: Le peuple de l'herbe) (1996),Documentary
489,1120,"People vs. Larry Flynt, The (1996)",Comedy|Drama
490,1124,On Golden Pond (1981),Drama
491,1125,"Return of the Pink Panther, The (1975)",Comedy|Crime
492,1126,Drop Dead Fred (1991),Comedy|Fantasy
493,1127,"Abyss, The (1989)",Action|Adventure|Sci-Fi|Thriller
494,1129,Escape from New York (1981),Action|Adventure|Sci-Fi|Thriller
495,1131,Jean de Florette (1986),Drama|Mystery
496,1132,Manon of the Spring (Manon des sources) (1986),Drama
497,1135,Private Benjamin (1980),Comedy
498,1136,Monty Python and the Holy Grail (1975),Adventure|Comedy|Fantasy
499,1147,When We Were Kings (1996),Documentary
500,1148,Wallace & Gromit: The Wrong Trousers (1993),Animation|Children|Comedy|Crime
501,1150,"Return of Martin Guerre, The (Retour de Martin Guerre, Le) (1982)",Drama
502,1171,Bob Roberts (1992),Comedy
503,1172,Cinema Paradiso (Nuovo cinema Paradiso) (1989),Drama
504,1173,"Cook the Thief His Wife & Her Lover, The (1989)",Comedy|Drama
505,1175,Delicatessen (1991),Comedy|Drama|Romance
506,1176,"Double Life of Veronique, The (Double Vie de Véronique, La) (1991)",Drama|Fantasy|Romance
507,1178,Paths of Glory (1957),Drama|War
508,1179,"Grifters, The (1990)",Crime|Drama|Film-Noir
509,1183,"English Patient, The (1996)",Drama|Romance|War
510,1185,My Left Foot (1989),Drama
511,1186,"Sex, Lies, and Videotape (1989)",Drama
512,1188,Strictly Ballroom (1992),Comedy|Romance
513,1189,"Thin Blue Line, The (1988)",Documentary
514,1190,Tie Me Up! Tie Me Down! (¡Átame!) (1990),Crime|Drama|Romance
515,1193,One Flew Over the Cuckoo's Nest (1975),Drama
516,1194,Cheech and Chong's Up in Smoke (1978),Comedy
517,1196,Star Wars: Episode V - The Empire Strikes Back (1980),Action|Adventure|Sci-Fi
518,1197,"Princess Bride, The (1987)",Action|Adventure|Comedy|Fantasy|Romance
519,1198,Raiders of the Lost Ark (Indiana Jones and the Raiders of the Lost Ark) (1981),Action|Adventure
520,1199,Brazil (1985),Fantasy|Sci-Fi
521,1200,Aliens (1986),Action|Adventure|Horror|Sci-Fi
522,1201,"Good, the Bad and the Ugly, The (Buono, il brutto, il cattivo, Il) (1966)",Action|Adventure|Western
523,1203,12 Angry Men (1957),Drama
524,1204,Lawrence of Arabia (1962),Adventure|Drama|War
525,1206,"Clockwork Orange, A (1971)",Crime|Drama|Sci-Fi|Thriller
526,1207,To Kill a Mockingbird (1962),Drama
527,1208,Apocalypse Now (1979),Action|Drama|War
528,1209,Once Upon a Time in the West (C'era una volta il West) (1968),Action|Drama|Western
529,1210,Star Wars: Episode VI - Return of the Jedi (1983),Action|Adventure|Sci-Fi
530,1211,"Wings of Desire (Himmel über Berlin, Der) (1987)",Drama|Fantasy|Romance
531,1212,"Third Man, The (1949)",Film-Noir|Mystery|Thriller
532,1213,Goodfellas (1990),Crime|Drama
533,1214,Alien (1979),Horror|Sci-Fi
534,1215,Army of Darkness (1993),Action|Adventure|Comedy|Fantasy|Horror
535,1217,Ran (1985),Drama|War
536,1218,"Killer, The (Die xue shuang xiong) (1989)",Action|Crime|Drama|Thriller
537,1219,Psycho (1960),Crime|Horror
538,1220,"Blues Brothers, The (1980)",Action|Comedy|Musical
539,1221,"Godfather: Part II, The (1974)",Crime|Drama
540,1222,Full Metal Jacket (1987),Drama|War
541,1223,"Grand Day Out with Wallace and Gromit, A (1989)",Adventure|Animation|Children|Comedy|Sci-Fi
542,1224,Henry V (1989),Action|Drama|Romance|War
543,1225,Amadeus (1984),Drama
544,1226,"Quiet Man, The (1952)",Drama|Romance
545,1227,Once Upon a Time in America (1984),Crime|Drama
546,1228,Raging Bull (1980),Drama
547,1230,Annie Hall (1977),Comedy|Romance
548,1231,"Right Stuff, The (1983)",Drama
549,1233,"Boot, Das (Boat, The) (1981)",Action|Drama|War
550,1234,"Sting, The (1973)",Comedy|Crime
551,1235,Harold and Maude (1971),Comedy|Drama|Romance
552,1237,"Seventh Seal, The (Sjunde inseglet, Det) (1957)",Drama
553,1238,Local Hero (1983),Comedy
554,1240,"Terminator, The (1984)",Action|Sci-Fi|Thriller
555,1241,Dead Alive (Braindead) (1992),Comedy|Fantasy|Horror
556,1242,Glory (1989),Drama|War
557,1243,Rosencrantz and Guildenstern Are Dead (1990),Comedy|Drama
558,1244,Manhattan (1979),Comedy|Drama|Romance
559,1245,Miller's Crossing (1990),Crime|Drama|Film-Noir|Thriller
560,1246,Dead Poets Society (1989),Drama
561,1247,"Graduate, The (1967)",Comedy|Drama|Romance
562,1248,Touch of Evil (1958),Crime|Film-Noir|Thriller
563,1249,"Femme Nikita, La (Nikita) (1990)",Action|Crime|Romance|Thriller
564,1250,"Bridge on the River Kwai, The (1957)",Adventure|Drama|War
565,1251,8 1/2 (8½) (1963),Drama|Fantasy
566,1252,Chinatown (1974),Crime|Film-Noir|Mystery|Thriller
567,1253,"Day the Earth Stood Still, The (1951)",Drama|Sci-Fi|Thriller
568,1254,"Treasure of the Sierra Madre, The (1948)",Action|Adventure|Drama|Western
569,1256,Duck Soup (1933),Comedy|Musical|War
570,1257,Better Off Dead... (1985),Comedy|Romance
571,1258,"Shining, The (1980)",Horror
572,1259,Stand by Me (1986),Adventure|Drama
573,1260,M (1931),Crime|Film-Noir|Thriller
574,1261,Evil Dead II (Dead by Dawn) (1987),Action|Comedy|Fantasy|Horror
575,1262,"Great Escape, The (1963)",Action|Adventure|Drama|War
576,1263,"Deer Hunter, The (1978)",Drama|War
577,1264,Diva (1981),Action|Drama|Mystery|Romance|Thriller
578,1265,Groundhog Day (1993),Comedy|Fantasy|Romance
579,1266,Unforgiven (1992),Drama|Western
580,1267,"Manchurian Candidate, The (1962)",Crime|Thriller|War
581,1268,Pump Up the Volume (1990),Comedy|Drama
582,1269,Arsenic and Old Lace (1944),Comedy|Mystery|Thriller
583,1270,Back to the Future (1985),Adventure|Comedy|Sci-Fi
584,1271,Fried Green Tomatoes (1991),Comedy|Crime|Drama
585,1272,Patton (1970),Drama|War
586,1273,Down by Law (1986),Comedy|Drama|Film-Noir
587,1274,Akira (1988),Action|Adventure|Animation|Sci-Fi
588,1275,Highlander (1986),Action|Adventure|Fantasy
589,1276,Cool Hand Luke (1967),Drama
590,1277,Cyrano de Bergerac (1990),Comedy|Drama|Romance
591,1278,Young Frankenstein (1974),Comedy|Fantasy
592,1279,Night on Earth (1991),Comedy|Drama
593,1280,Raise the Red Lantern (Da hong deng long gao gao gua) (1991),Drama
594,1281,"Great Dictator, The (1940)",Comedy|Drama|War
595,1282,Fantasia (1940),Animation|Children|Fantasy|Musical
596,1283,High Noon (1952),Drama|Western
597,1284,"Big Sleep, The (1946)",Crime|Film-Noir|Mystery
598,1285,Heathers (1989),Comedy
599,1286,Somewhere in Time (1980),Drama|Romance
600,1287,Ben-Hur (1959),Action|Adventure|Drama
601,1288,This Is Spinal Tap (1984),Comedy
602,1289,Koyaanisqatsi (a.k.a. Koyaanisqatsi: Life Out of Balance) (1983),Documentary
603,1290,Some Kind of Wonderful (1987),Drama|Romance
604,1291,Indiana Jones and the Last Crusade (1989),Action|Adventure
605,1292,Being There (1979),Comedy|Drama
606,1293,Gandhi (1982),Drama
607,1295,"Unbearable Lightness of Being, The (1988)",Drama
608,1296,"Room with a View, A (1986)",Drama|Romance
609,1297,Real Genius (1985),Comedy
610,1298,Pink Floyd: The Wall (1982),Drama|Musical
611,1299,"Killing Fields, The (1984)",Drama|War
612,1300,My Life as a Dog (Mitt liv som hund) (1985),Comedy|Drama
613,1301,Forbidden Planet (1956),Drama|Sci-Fi
614,1302,Field of Dreams (1989),Children|Drama|Fantasy
615,1303,"Man Who Would Be King, The (1975)",Adventure|Drama
616,1304,Butch Cassidy and the Sundance Kid (1969),Action|Western
617,1305,"Paris, Texas (1984)",Drama|Romance
618,1307,When Harry Met Sally... (1989),Comedy|Romance
619,1320,Alien³ (a.k.a. Alien 3) (1992),Action|Horror|Sci-Fi|Thriller
620,1321,"American Werewolf in London, An (1981)",Comedy|Horror|Thriller
621,1327,"Amityville Horror, The (1979)",Drama|Horror|Mystery|Thriller
622,1333,"Birds, The (1963)",Horror|Thriller
623,1334,"Blob, The (1958)",Horror|Sci-Fi
624,1339,Dracula (Bram Stoker's Dracula) (1992),Fantasy|Horror|Romance|Thriller
625,1342,Candyman (1992),Horror|Thriller
626,1343,Cape Fear (1991),Thriller
627,1344,Cape Fear (1962),Crime|Drama|Thriller
628,1345,Carrie (1976),Drama|Fantasy|Horror|Thriller
629,1347,"Nightmare on Elm Street, A (1984)",Horror|Thriller
630,1348,"Nosferatu (Nosferatu, eine Symphonie des Grauens) (1922)",Horror
631,1350,"Omen, The (1976)",Horror|Mystery|Thriller
632,1353,"Mirror Has Two Faces, The (1996)",Comedy|Drama|Romance
633,1354,Breaking the Waves (1996),Drama|Mystery
634,1356,Star Trek: First Contact (1996),Action|Adventure|Sci-Fi|Thriller
635,1357,Shine (1996),Drama|Romance
636,1358,Sling Blade (1996),Drama
637,1359,Jingle All the Way (1996),Children|Comedy
638,1366,"Crucible, The (1996)",Drama
639,1367,101 Dalmatians (1996),Adventure|Children|Comedy
640,1370,Die Hard 2 (1990),Action|Adventure|Thriller
641,1371,Star Trek: The Motion Picture (1979),Adventure|Sci-Fi
642,1372,Star Trek VI: The Undiscovered Country (1991),Action|Mystery|Sci-Fi
643,1373,Star Trek V: The Final Frontier (1989),Action|Sci-Fi
644,1374,Star Trek II: The Wrath of Khan (1982),Action|Adventure|Sci-Fi|Thriller
645,1375,Star Trek III: The Search for Spock (1984),Action|Adventure|Sci-Fi
646,1376,Star Trek IV: The Voyage Home (1986),Adventure|Comedy|Sci-Fi
647,1377,Batman Returns (1992),Action|Crime
648,1378,Young Guns (1988),Action|Comedy|Western
649,1379,Young Guns II (1990),Action|Western
650,1380,Grease (1978),Comedy|Musical|Romance
651,1381,Grease 2 (1982),Comedy|Musical|Romance
652,1385,Under Siege (1992),Action|Drama|Thriller
653,1387,Jaws (1975),Action|Horror
654,1388,Jaws 2 (1978),Horror|Thriller
655,1389,Jaws 3-D (1983),Action|Horror
656,1391,Mars Attacks! (1996),Action|Comedy|Sci-Fi
657,1393,Jerry Maguire (1996),Drama|Romance
658,1394,Raising Arizona (1987),Comedy
659,1395,Tin Men (1987),Comedy|Drama
660,1396,Sneakers (1992),Action|Comedy|Crime|Drama|Sci-Fi
661,1405,Beavis and Butt-Head Do America (1996),Adventure|Animation|Comedy|Crime
662,1407,Scream (1996),Comedy|Horror|Mystery|Thriller
663,1408,"Last of the Mohicans, The (1992)",Action|Romance|War|Western
664,1409,Michael (1996),Comedy|Drama|Fantasy|Romance
665,1411,Hamlet (1996),Crime|Drama|Romance
666,1416,Evita (1996),Drama|Musical
667,1422,Murder at 1600 (1997),Crime|Drama|Mystery|Thriller
668,1425,Fierce Creatures (1997),Comedy
669,1429,First Strike (Police Story 4: First Strike) (Ging chaat goo si 4: Ji gaan daan yam mo) (1996),Action|Adventure|Comedy|Thriller
670,1431,Beverly Hills Ninja (1997),Action|Comedy
671,1438,Dante's Peak (1997),Action|Thriller
672,1441,Benny & Joon (1993),Comedy|Romance
673,1446,Kolya (Kolja) (1996),Comedy|Drama
674,1449,Waiting for Guffman (1996),Comedy
675,1457,Fools Rush In (1997),Comedy|Drama|Romance
676,1459,Absolute Power (1997),Mystery|Thriller
677,1461,Vegas Vacation (National Lampoon's Las Vegas Vacation) (1997),Comedy
678,1464,Lost Highway (1997),Crime|Drama|Fantasy|Film-Noir|Mystery|Romance
679,1466,Donnie Brasco (1997),Crime|Drama
680,1476,Private Parts (1997),Comedy|Drama
681,1479,"Saint, The (1997)",Action|Romance|Sci-Fi|Thriller
682,1483,Crash (1996),Drama|Thriller
683,1485,Liar Liar (1997),Comedy
684,1488,"Devil's Own, The (1997)",Action|Drama|Thriller
685,1499,Anaconda (1997),Action|Adventure|Thriller
686,1500,Grosse Pointe Blank (1997),Comedy|Crime|Romance
687,1513,Romy and Michele's High School Reunion (1997),Comedy
688,1515,Volcano (1997),Action|Drama|Thriller
689,1517,Austin Powers: International Man of Mystery (1997),Action|Adventure|Comedy
690,1518,Breakdown (1997),Action|Thriller
691,1527,"Fifth Element, The (1997)",Action|Adventure|Comedy|Sci-Fi
692,1537,Shall We Dance? (Shall We Dansu?) (1996),Comedy|Drama|Romance
693,1541,Addicted to Love (1997),Comedy|Romance
694,1542,Brassed Off (1996),Comedy|Drama|Romance
695,1544,"Lost World: Jurassic Park, The (1997)",Action|Adventure|Sci-Fi|Thriller
696,1552,Con Air (1997),Action|Adventure|Thriller
697,1556,Speed 2: Cruise Control (1997),Action|Romance|Thriller
698,1562,Batman & Robin (1997),Action|Adventure|Fantasy|Thriller
699,1566,Hercules (1997),Adventure|Animation|Children|Comedy|Musical
700,1569,My Best Friend's Wedding (1997),Comedy|Romance
701,1573,Face/Off (1997),Action|Crime|Drama|Thriller
702,1580,Men in Black (a.k.a. MIB) (1997),Action|Comedy|Sci-Fi
703,1584,Contact (1997),Drama|Sci-Fi
704,1586,G.I. Jane (1997),Action|Drama
705,1587,Conan the Barbarian (1982),Action|Adventure|Fantasy
706,1588,George of the Jungle (1997),Children|Comedy
707,1589,Cop Land (1997),Action|Crime|Drama|Thriller
708,1590,Event Horizon (1997),Horror|Sci-Fi|Thriller
709,1591,Spawn (1997),Action|Adventure|Sci-Fi|Thriller
710,1594,In the Company of Men (1997),Comedy|Drama
711,1597,Conspiracy Theory (1997),Drama|Mystery|Romance|Thriller
712,1603,Mimic (1997),Horror|Sci-Fi|Thriller
713,1608,Air Force One (1997),Action|Thriller
714,1610,"Hunt for Red October, The (1990)",Action|Adventure|Thriller
715,1611,My Own Private Idaho (1991),Drama|Romance
716,1614,In & Out (1997),Comedy
717,1615,"Edge, The (1997)",Adventure|Drama
718,1616,"Peacemaker, The (1997)",Action|Thriller|War
719,1617,L.A. Confidential (1997),Crime|Film-Noir|Mystery|Thriller
720,1619,Seven Years in Tibet (1997),Adventure|Drama|War
721,1620,Kiss the Girls (1997),Crime|Drama|Mystery|Thriller
722,1625,"Game, The (1997)",Drama|Mystery|Thriller
723,1627,U Turn (1997),Crime|Drama|Mystery
724,1633,Ulee's Gold (1997),Drama
725,1635,"Ice Storm, The (1997)",Drama
726,1639,Chasing Amy (1997),Comedy|Drama|Romance
727,1641,"Full Monty, The (1997)",Comedy|Drama
728,1643,"Mrs. Brown (a.k.a. Her Majesty, Mrs. Brown) (1997)",Drama|Romance
729,1644,I Know What You Did Last Summer (1997),Horror|Mystery|Thriller
730,1645,"Devil's Advocate, The (1997)",Drama|Mystery|Thriller
731,1653,Gattaca (1997),Drama|Sci-Fi|Thriller
732,1663,Stripes (1981),Comedy|War
733,1665,Bean (1997),Comedy
734,1672,"Rainmaker, The (1997)",Drama
735,1673,Boogie Nights (1997),Drama
736,1674,Witness (1985),Drama|Romance|Thriller
737,1676,Starship Troopers (1997),Action|Sci-Fi
738,1678,"Joy Luck Club, The (1993)",Drama|Romance
739,1680,Sliding Doors (1998),Drama|Romance
740,1682,"Truman Show, The (1998)",Comedy|Drama|Sci-Fi
741,1687,"Jackal, The (1997)",Action|Thriller
742,1688,Anastasia (1997),Adventure|Animation|Children|Drama|Musical
743,1690,Alien: Resurrection (1997),Action|Horror|Sci-Fi
744,1693,Amistad (1997),Drama|Mystery
745,1694,"Apostle, The (1997)",Drama
746,1701,Deconstructing Harry (1997),Comedy|Drama
747,1702,Flubber (1997),Children|Comedy|Fantasy
748,1704,Good Will Hunting (1997),Drama|Romance
749,1707,Home Alone 3 (1997),Children|Comedy
750,1711,Midnight in the Garden of Good and Evil (1997),Crime|Drama|Mystery
751,1713,Mouse Hunt (1997),Children|Comedy
752,1717,Scream 2 (1997),Comedy|Horror|Mystery|Thriller
753,1719,"Sweet Hereafter, The (1997)",Drama
754,1721,Titanic (1997),Drama|Romance
755,1722,Tomorrow Never Dies (1997),Action|Adventure|Thriller
756,1727,"Horse Whisperer, The (1998)",Drama|Romance
757,1729,Jackie Brown (1997),Crime|Drama|Thriller
758,1732,"Big Lebowski, The (1998)",Comedy|Crime
759,1735,Great Expectations (1998),Drama|Romance
760,1747,Wag the Dog (1997),Comedy
761,1748,Dark City (1998),Adventure|Film-Noir|Sci-Fi|Thriller
762,1753,Half Baked (1998),Comedy
763,1754,Fallen (1998),Crime|Drama|Fantasy|Thriller
764,1760,Spice World (1997),Comedy
765,1769,"Replacement Killers, The (1998)",Action|Crime|Thriller
766,1772,Blues Brothers 2000 (1998),Action|Comedy|Musical
767,1777,"Wedding Singer, The (1998)",Comedy|Romance
768,1779,Sphere (1998),Sci-Fi|Thriller
769,1784,As Good as It Gets (1997),Comedy|Drama|Romance
770,1792,U.S. Marshals (1998),Action|Crime|Thriller
771,1797,Everest (1998),Documentary|IMAX
772,1799,Suicide Kings (1997),Comedy|Crime|Drama|Mystery|Thriller
773,1801,"Man in the Iron Mask, The (1998)",Action|Adventure|Drama
774,1805,Wild Things (1998),Crime|Drama|Mystery|Thriller
775,1810,Primary Colors (1998),Comedy|Drama
776,1831,Lost in Space (1998),Action|Adventure|Sci-Fi
777,1833,Mercury Rising (1998),Action|Drama|Thriller
778,1834,"Spanish Prisoner, The (1997)",Crime|Drama|Mystery|Thriller
779,1835,City of Angels (1998),Drama|Fantasy|Romance
780,1862,Species II (1998),Horror|Sci-Fi
781,1873,"Misérables, Les (1998)",Crime|Drama|Romance|War
782,1876,Deep Impact (1998),Drama|Sci-Fi|Thriller
783,1882,Godzilla (1998),Action|Sci-Fi|Thriller
784,1883,Bulworth (1998),Comedy|Drama|Romance
785,1884,Fear and Loathing in Las Vegas (1998),Adventure|Comedy|Drama
786,1885,"Opposite of Sex, The (1998)",Comedy|Drama|Romance
787,1888,Hope Floats (1998),Comedy|Drama|Romance
788,1892,"Perfect Murder, A (1998)",Thriller
789,1894,Six Days Seven Nights (1998),Adventure|Comedy|Romance
790,1895,Can't Hardly Wait (1998),Comedy|Drama|Romance
791,1907,Mulan (1998),Adventure|Animation|Children|Comedy|Drama|Musical|Romance
792,1909,"X-Files: Fight the Future, The (1998)",Action|Crime|Mystery|Sci-Fi|Thriller
793,1911,Dr. Dolittle (1998),Comedy
794,1912,Out of Sight (1998),Comedy|Crime|Drama|Romance|Thriller
795,1914,Smoke Signals (1998),Comedy|Drama
796,1916,Buffalo '66 (a.k.a. Buffalo 66) (1998),Drama|Romance
797,1917,Armageddon (1998),Action|Romance|Sci-Fi|Thriller
798,1918,Lethal Weapon 4 (1998),Action|Comedy|Crime|Thriller
799,1920,Small Soldiers (1998),Animation|Children|Fantasy|War
800,1921,Pi (1998),Drama|Sci-Fi|Thriller
801,1923,There's Something About Mary (1998),Comedy|Romance
802,1924,Plan 9 from Outer Space (1959),Horror|Sci-Fi
803,1927,All Quiet on the Western Front (1930),Action|Drama|War
804,1944,From Here to Eternity (1953),Drama|Romance|War
805,1945,On the Waterfront (1954),Crime|Drama
806,1947,West Side Story (1961),Drama|Musical|Romance
807,1949,"Man for All Seasons, A (1966)",Drama
808,1950,In the Heat of the Night (1967),Drama|Mystery
809,1951,Oliver! (1968),Drama|Musical
810,1952,Midnight Cowboy (1969),Drama
811,1953,"French Connection, The (1971)",Action|Crime|Thriller
812,1954,Rocky (1976),Drama
813,1955,Kramer vs. Kramer (1979),Drama
814,1956,Ordinary People (1980),Drama
815,1957,Chariots of Fire (1981),Drama
816,1958,Terms of Endearment (1983),Comedy|Drama
817,1959,Out of Africa (1985),Drama|Romance
818,1960,"Last Emperor, The (1987)",Drama
819,1961,Rain Man (1988),Drama
820,1962,Driving Miss Daisy (1989),Drama
821,1963,Take the Money and Run (1969),Comedy|Crime
822,1964,Klute (1971),Drama|Mystery
823,1965,Repo Man (1984),Comedy|Sci-Fi
824,1967,Labyrinth (1986),Adventure|Fantasy|Musical
825,1968,"Breakfast Club, The (1985)",Comedy|Drama
826,1969,"Nightmare on Elm Street 2: Freddy's Revenge, A (1985)",Horror
827,1970,"Nightmare on Elm Street 3: Dream Warriors, A (1987)",Horror|Thriller
828,1971,"Nightmare on Elm Street 4: The Dream Master, A (1988)",Horror|Thriller
829,1974,Friday the 13th (1980),Horror|Mystery|Thriller
830,1982,Halloween (1978),Horror
831,1991,Child's Play (1988),Horror|Thriller
832,1994,Poltergeist (1982),Horror|Thriller
833,1997,"Exorcist, The (1973)",Horror|Mystery
834,2000,Lethal Weapon (1987),Action|Comedy|Crime|Drama
835,2001,Lethal Weapon 2 (1989),Action|Comedy|Crime|Drama
836,2002,Lethal Weapon 3 (1992),Action|Comedy|Crime|Drama
837,2003,Gremlins (1984),Comedy|Horror
838,2004,Gremlins 2: The New Batch (1990),Comedy|Horror
839,2005,"Goonies, The (1985)",Action|Adventure|Children|Comedy|Fantasy
840,2006,"Mask of Zorro, The (1998)",Action|Comedy|Romance
841,2009,Soylent Green (1973),Drama|Mystery|Sci-Fi|Thriller
842,2010,Metropolis (1927),Drama|Sci-Fi
843,2011,Back to the Future Part II (1989),Adventure|Comedy|Sci-Fi
844,2012,Back to the Future Part III (1990),Adventure|Comedy|Sci-Fi|Western
845,2013,"Poseidon Adventure, The (1972)",Action|Adventure|Drama
846,2015,"Absent-Minded Professor, The (1961)",Children|Comedy|Fantasy
847,2018,Bambi (1942),Animation|Children|Drama
848,2019,Seven Samurai (Shichinin no samurai) (1954),Action|Adventure|Drama
849,2020,Dangerous Liaisons (1988),Drama|Romance
850,2021,Dune (1984),Adventure|Sci-Fi
851,2022,"Last Temptation of Christ, The (1988)",Drama
852,2023,"Godfather: Part III, The (1990)",Crime|Drama|Mystery|Thriller
853,2025,Lolita (1997),Drama|Romance
854,2028,Saving Private Ryan (1998),Action|Drama|War
855,2034,"Black Hole, The (1979)",Children|Sci-Fi
856,2042,D2: The Mighty Ducks (1994),Children|Comedy
857,2046,Flight of the Navigator (1986),Adventure|Children|Sci-Fi
858,2052,Hocus Pocus (1993),Children|Comedy|Fantasy|Horror
859,2053,"Honey, I Blew Up the Kid (1992)",Children|Comedy|Sci-Fi
860,2054,"Honey, I Shrunk the Kids (1989)",Adventure|Children|Comedy|Fantasy|Sci-Fi
861,2058,"Negotiator, The (1998)",Action|Crime|Drama|Mystery|Thriller
862,2059,"Parent Trap, The (1998)",Children|Comedy|Romance
863,2060,BASEketball (1998),Comedy
864,2064,Roger & Me (1989),Documentary
865,2065,"Purple Rose of Cairo, The (1985)",Comedy|Drama|Fantasy|Romance
866,2067,Doctor Zhivago (1965),Drama|Romance|War
867,2072,"'burbs, The (1989)",Comedy
868,2076,Blue Velvet (1986),Drama|Mystery|Thriller
869,2078,"Jungle Book, The (1967)",Animation|Children|Comedy|Musical
870,2080,Lady and the Tramp (1955),Animation|Children|Comedy|Romance
871,2081,"Little Mermaid, The (1989)",Animation|Children|Comedy|Musical|Romance
872,2082,"Mighty Ducks, The (1992)",Children|Comedy
873,2083,"Muppet Christmas Carol, The (1992)",Children|Comedy|Musical
874,2085,101 Dalmatians (One Hundred and One Dalmatians) (1961),Adventure|Animation|Children
875,2087,Peter Pan (1953),Animation|Children|Fantasy|Musical
876,2088,Popeye (1980),Adventure|Comedy|Musical
877,2089,"Rescuers Down Under, The (1990)",Adventure|Animation|Children
878,2090,"Rescuers, The (1977)",Adventure|Animation|Children|Crime|Drama
879,2093,Return to Oz (1985),Adventure|Children|Fantasy
880,2094,"Rocketeer, The (1991)",Action|Adventure|Sci-Fi
881,2096,Sleeping Beauty (1959),Animation|Children|Musical
882,2100,Splash (1984),Comedy|Fantasy|Romance
883,2105,Tron (1982),Action|Adventure|Sci-Fi
884,2107,Halloween H20: 20 Years Later (Halloween 7: The Revenge of Laurie Strode) (1998),Horror|Thriller
885,2108,L.A. Story (1991),Comedy|Romance
886,2109,"Jerk, The (1979)",Comedy
887,2110,Dead Men Don't Wear Plaid (1982),Comedy|Crime|Thriller
888,2112,Grand Canyon (1991),Crime|Drama
889,2114,"Outsiders, The (1983)",Drama
890,2115,Indiana Jones and the Temple of Doom (1984),Action|Adventure|Fantasy
891,2116,"Lord of the Rings, The (1978)",Adventure|Animation|Children|Fantasy
892,2117,1984 (Nineteen Eighty-Four) (1984),Drama|Sci-Fi
893,2118,"Dead Zone, The (1983)",Thriller
894,2121,Cujo (1983),Horror|Thriller
895,2123,All Dogs Go to Heaven (1989),Animation|Children|Comedy|Drama|Fantasy
896,2124,"Addams Family, The (1991)",Children|Comedy|Fantasy
897,2125,Ever After: A Cinderella Story (1998),Comedy|Drama|Romance
898,2126,Snake Eyes (1998),Action|Crime|Mystery|Thriller
899,2132,Who's Afraid of Virginia Woolf? (1966),Drama
900,2133,Adventures in Babysitting (1987),Adventure|Comedy
901,2134,Weird Science (1985),Comedy|Fantasy|Sci-Fi
902,2136,"Nutty Professor, The (1963)",Comedy|Sci-Fi
903,2137,Charlotte's Web (1973),Animation|Children
904,2138,Watership Down (1978),Adventure|Animation|Children|Drama|Fantasy
905,2139,"Secret of NIMH, The (1982)",Adventure|Animation|Children|Drama
906,2140,"Dark Crystal, The (1982)",Adventure|Fantasy
907,2141,"American Tail, An (1986)",Adventure|Animation|Children|Comedy
908,2142,"American Tail: Fievel Goes West, An (1991)",Adventure|Animation|Children|Musical|Western
909,2143,Legend (1985),Adventure|Fantasy|Romance
910,2144,Sixteen Candles (1984),Comedy|Romance
911,2145,Pretty in Pink (1986),Comedy|Drama|Romance
912,2146,St. Elmo's Fire (1985),Drama|Romance
913,2150,"Gods Must Be Crazy, The (1980)",Adventure|Comedy
914,2153,"Avengers, The (1998)",Action|Adventure
915,2160,Rosemary's Baby (1968),Drama|Horror|Thriller
916,2161,"NeverEnding Story, The (1984)",Adventure|Children|Fantasy
917,2162,"NeverEnding Story II: The Next Chapter, The (1990)",Adventure|Children|Fantasy
918,2167,Blade (1998),Action|Horror|Thriller
919,2174,Beetlejuice (1988),Comedy|Fantasy
920,2176,Rope (1948),Crime|Drama|Thriller
921,2183,"Man Who Knew Too Much, The (1956)",Adventure|Drama|Mystery|Thriller
922,2186,Strangers on a Train (1951),Crime|Drama|Film-Noir|Thriller
923,2188,54 (1998),Drama
924,2193,Willow (1988),Action|Adventure|Fantasy
925,2194,"Untouchables, The (1987)",Action|Crime|Drama
926,2203,Shadow of a Doubt (1943),Crime|Drama|Thriller
927,2208,"Lady Vanishes, The (1938)",Drama|Mystery|Thriller
928,2231,Rounders (1998),Drama
929,2232,Cube (1997),Horror|Mystery|Sci-Fi|Thriller
930,2243,Broadcast News (1987),Comedy|Drama|Romance
931,2245,Working Girl (1988),Comedy|Drama|Romance
932,2247,Married to the Mob (1988),Comedy
933,2248,Say Anything... (1989),Comedy|Drama|Romance
934,2253,Toys (1992),Comedy|Fantasy
935,2262,About Last Night... (1986),Comedy|Drama|Romance
936,2268,"Few Good Men, A (1992)",Crime|Drama|Thriller
937,2269,Indecent Proposal (1993),Drama|Romance
938,2273,Rush Hour (1998),Action|Comedy|Crime|Thriller
939,2278,Ronin (1998),Action|Crime|Thriller
940,2279,Urban Legend (1998),Horror|Thriller
941,2282,Pecker (1998),Comedy|Drama
942,2288,"Thing, The (1982)",Action|Horror|Sci-Fi|Thriller
943,2289,"Player, The (1992)",Comedy|Crime|Drama
944,2291,Edward Scissorhands (1990),Drama|Fantasy|Romance
945,2294,Antz (1998),Adventure|Animation|Children|Comedy|Fantasy
946,2296,"Night at the Roxbury, A (1998)",Comedy
947,2297,What Dreams May Come (1998),Adventure|Drama|Fantasy|Romance
948,2300,"Producers, The (1968)",Comedy
949,2301,History of the World: Part I (1981),Comedy|Musical
950,2302,My Cousin Vinny (1992),Comedy
951,2303,Nashville (1975),Drama|Musical
952,2311,2010: The Year We Make Contact (1984),Sci-Fi
953,2312,Children of a Lesser God (1986),Drama
954,2313,"Elephant Man, The (1980)",Drama
955,2316,Practical Magic (1998),Drama|Fantasy|Mystery|Romance
956,2318,Happiness (1998),Comedy|Drama
957,2321,Pleasantville (1998),Comedy|Drama|Fantasy
958,2324,Life Is Beautiful (La Vita è bella) (1997),Comedy|Drama|Romance|War
959,2329,American History X (1998),Crime|Drama
960,2333,Gods and Monsters (1998),Drama
961,2334,"Siege, The (1998)",Action|Thriller
962,2335,"Waterboy, The (1998)",Comedy
963,2336,Elizabeth (1998),Drama
964,2338,I Still Know What You Did Last Summer (1998),Horror|Mystery|Thriller
965,2340,Meet Joe Black (1998),Romance
966,2346,"Stepford Wives, The (1975)",Mystery|Sci-Fi|Thriller
967,2348,Sid and Nancy (1986),Drama
968,2352,"Big Chill, The (1983)",Comedy|Drama
969,2353,Enemy of the State (1998),Action|Thriller
970,2355,"Bug's Life, A (1998)",Adventure|Animation|Children|Comedy
971,2357,Central Station (Central do Brasil) (1998),Drama
972,2359,Waking Ned Devine (a.k.a. Waking Ned) (1998),Comedy
973,2363,Godzilla (Gojira) (1954),Drama|Horror|Sci-Fi
974,2366,King Kong (1933),Action|Adventure|Fantasy|Horror
975,2367,King Kong (1976),Adventure|Fantasy|Romance|Sci-Fi|Thriller
976,2369,Desperately Seeking Susan (1985),Comedy|Drama|Romance
977,2371,Fletch (1985),Comedy|Crime|Mystery
978,2375,"Money Pit, The (1986)",Comedy
979,2376,"View to a Kill, A (1985)",Action|Adventure|Thriller
980,2378,Police Academy (1984),Comedy|Crime
981,2379,Police Academy 2: Their First Assignment (1985),Comedy|Crime
982,2380,Police Academy 3: Back in Training (1986),Comedy|Crime
983,2381,Police Academy 4: Citizens on Patrol (1987),Comedy|Crime
984,2382,Police Academy 5: Assignment: Miami Beach (1988),Comedy|Crime
985,2383,Police Academy 6: City Under Siege (1989),Comedy|Crime
986,2384,Babe: Pig in the City (1998),Adventure|Children|Drama
987,2387,Very Bad Things (1998),Comedy|Crime
988,2389,Psycho (1998),Crime|Horror|Thriller
989,2390,Little Voice (1998),Comedy
990,2391,"Simple Plan, A (1998)",Crime|Drama|Thriller
991,2393,Star Trek: Insurrection (1998),Action|Drama|Romance|Sci-Fi
992,2394,"Prince of Egypt, The (1998)",Animation|Musical
993,2395,Rushmore (1998),Comedy|Drama
994,2396,Shakespeare in Love (1998),Comedy|Drama|Romance
995,2398,Miracle on 34th Street (1947),Comedy|Drama
996,2401,Pale Rider (1985),Western
997,2402,Rambo: First Blood Part II (1985),Action|Adventure|Thriller
998,2403,First Blood (Rambo: First Blood) (1982),Action|Adventure|Drama|Thriller
999,2404,Rambo III (1988),Action|Adventure|Thriller|War
1000,2405,"Jewel of the Nile, The (1985)",Action|Adventure|Comedy|Romance
1001,2406,Romancing the Stone (1984),Action|Adventure|Comedy|Romance
1002,2407,Cocoon (1985),Comedy|Sci-Fi
1003,2408,Cocoon: The Return (1988),Comedy|Sci-Fi
1004,2409,Rocky II (1979),Action|Drama
1005,2410,Rocky III (1982),Action|Drama
1006,2411,Rocky IV (1985),Action|Drama
1007,2412,Rocky V (1990),Action|Drama
1008,2413,Clue (1985),Comedy|Crime|Mystery|Thriller
1009,2414,Young Sherlock Holmes (1985),Action|Adventure|Children|Fantasy|Mystery|Thriller
1010,2416,Back to School (1986),Comedy
1011,2420,"Karate Kid, The (1984)",Drama
1012,2421,"Karate Kid, Part II, The (1986)",Action|Adventure|Drama
1013,2422,"Karate Kid, Part III, The (1989)",Action|Adventure|Children|Drama
1014,2423,Christmas Vacation (National Lampoon's Christmas Vacation) (1989),Comedy
1015,2424,You've Got Mail (1998),Comedy|Romance
1016,2427,"Thin Red Line, The (1998)",Action|Drama|War
1017,2428,"Faculty, The (1998)",Horror|Sci-Fi
1018,2431,Patch Adams (1998),Comedy|Drama
1019,2433,"Civil Action, A (1998)",Drama
1020,2447,Varsity Blues (1999),Comedy|Drama
1021,2450,Howard the Duck (1986),Adventure|Comedy|Sci-Fi
1022,2454,"Fly, The (1958)",Horror|Mystery|Sci-Fi
1023,2455,"Fly, The (1986)",Drama|Horror|Sci-Fi|Thriller
1024,2456,"Fly II, The (1989)",Horror|Sci-Fi
1025,2459,"Texas Chainsaw Massacre, The (1974)",Horror
1026,2463,Ruthless People (1986),Comedy
1027,2467,"Name of the Rose, The (Name der Rose, Der) (1986)",Crime|Drama|Mystery|Thriller
1028,2468,Jumpin' Jack Flash (1986),Action|Comedy|Romance|Thriller
1029,2469,Peggy Sue Got Married (1986),Comedy|Drama
1030,2470,Crocodile Dundee (1986),Adventure|Comedy
1031,2471,Crocodile Dundee II (1988),Action|Adventure|Comedy
1032,2474,"Color of Money, The (1986)",Drama
1033,2478,¡Three Amigos! (1986),Comedy|Western
1034,2485,She's All That (1999),Comedy|Romance
1035,2490,Payback (1999),Action|Thriller
1036,2496,Blast from the Past (1999),Comedy|Romance
1037,2501,October Sky (1999),Drama
1038,2502,Office Space (1999),Comedy|Crime
1039,2505,8MM (1999),Drama|Mystery|Thriller
1040,2513,Pet Sematary (1989),Horror
1041,2527,Westworld (1973),Action|Sci-Fi|Thriller|Western
1042,2528,Logan's Run (1976),Action|Adventure|Sci-Fi
1043,2529,Planet of the Apes (1968),Action|Drama|Sci-Fi
1044,2530,Beneath the Planet of the Apes (1970),Action|Sci-Fi
1045,2531,Battle for the Planet of the Apes (1973),Action|Sci-Fi
1046,2532,Conquest of the Planet of the Apes (1972),Action|Sci-Fi
1047,2533,Escape from the Planet of the Apes (1971),Action|Sci-Fi
1048,2539,Analyze This (1999),Comedy
1049,2541,Cruel Intentions (1999),Drama
1050,2542,"Lock, Stock & Two Smoking Barrels (1998)",Comedy|Crime|Thriller
1051,2565,"King and I, The (1956)",Drama|Musical|Romance
1052,2567,EDtv (1999),Comedy
1053,2571,"Matrix, The (1999)",Action|Sci-Fi|Thriller
1054,2572,10 Things I Hate About You (1999),Comedy|Romance
1055,2580,Go (1999),Comedy|Crime
1056,2581,Never Been Kissed (1999),Comedy|Romance
1057,2594,Open Your Eyes (Abre los ojos) (1997),Drama|Romance|Sci-Fi|Thriller
1058,2598,Pushing Tin (1999),Comedy
1059,2599,Election (1999),Comedy
1060,2600,eXistenZ (1999),Action|Sci-Fi|Thriller
1061,2605,Entrapment (1999),Crime|Thriller
1062,2606,Idle Hands (1999),Comedy|Horror
1063,2616,Dick Tracy (1990),Action|Crime
1064,2617,"Mummy, The (1999)",Action|Adventure|Comedy|Fantasy|Horror|Thriller
1065,2622,William Shakespeare's A Midsummer Night's Dream (1999),Comedy|Fantasy
1066,2628,Star Wars: Episode I - The Phantom Menace (1999),Action|Adventure|Sci-Fi
1067,2640,Superman (1978),Action|Adventure|Sci-Fi
1068,2641,Superman II (1980),Action|Sci-Fi
1069,2642,Superman III (1983),Action|Adventure|Sci-Fi
1070,2643,Superman IV: The Quest for Peace (1987),Action|Adventure|Sci-Fi
1071,2648,Frankenstein (1931),Drama|Horror|Sci-Fi
1072,2657,"Rocky Horror Picture Show, The (1975)",Comedy|Horror|Musical|Sci-Fi
1073,2662,"War of the Worlds, The (1953)",Action|Drama|Sci-Fi
1074,2664,Invasion of the Body Snatchers (1956),Horror|Sci-Fi|Thriller
1075,2671,Notting Hill (1999),Comedy|Romance
1076,2672,"Thirteenth Floor, The (1999)",Drama|Sci-Fi|Thriller
1077,2676,Instinct (1999),Drama|Thriller
1078,2677,Buena Vista Social Club (1999),Documentary|Musical
1079,2683,Austin Powers: The Spy Who Shagged Me (1999),Action|Adventure|Comedy
1080,2686,"Red Violin, The (Violon rouge, Le) (1998)",Drama|Mystery
1081,2687,Tarzan (1999),Adventure|Animation|Children|Drama
1082,2688,"General's Daughter, The (1999)",Crime|Drama|Mystery|Thriller
1083,2690,"Ideal Husband, An (1999)",Comedy|Romance
1084,2692,Run Lola Run (Lola rennt) (1998),Action|Crime
1085,2693,Trekkies (1997),Documentary
1086,2694,Big Daddy (1999),Comedy
1087,2699,Arachnophobia (1990),Comedy|Horror
1088,2700,"South Park: Bigger, Longer and Uncut (1999)",Animation|Comedy|Musical
1089,2701,Wild Wild West (1999),Action|Comedy|Sci-Fi|Western
1090,2702,Summer of Sam (1999),Drama
1091,2706,American Pie (1999),Comedy|Romance
1092,2707,Arlington Road (1999),Thriller
1093,2710,"Blair Witch Project, The (1999)",Drama|Horror|Thriller
1094,2712,Eyes Wide Shut (1999),Drama|Mystery|Thriller
1095,2713,Lake Placid (1999),Horror|Thriller
1096,2716,Ghostbusters (a.k.a. Ghost Busters) (1984),Action|Comedy|Sci-Fi
1097,2717,Ghostbusters II (1989),Comedy|Fantasy|Sci-Fi
1098,2718,Drop Dead Gorgeous (1999),Comedy
1099,2719,"Haunting, The (1999)",Horror|Thriller
1100,2720,Inspector Gadget (1999),Action|Adventure|Children|Comedy
1101,2722,Deep Blue Sea (1999),Action|Horror|Sci-Fi|Thriller
1102,2723,Mystery Men (1999),Action|Comedy|Fantasy
1103,2724,Runaway Bride (1999),Comedy|Romance
1104,2728,Spartacus (1960),Action|Drama|Romance|War
1105,2729,Lolita (1962),Drama|Romance
1106,2730,Barry Lyndon (1975),Drama|Romance|War
1107,2731,"400 Blows, The (Les quatre cents coups) (1959)",Crime|Drama
1108,2732,Jules and Jim (Jules et Jim) (1961),Drama|Romance
1109,2734,"Mosquito Coast, The (1986)",Adventure|Drama|Thriller
1110,2735,"Golden Child, The (1986)",Action|Adventure|Comedy|Fantasy|Mystery
1111,2739,"Color Purple, The (1985)",Drama
1112,2745,"Mission, The (1986)",Drama
1113,2746,Little Shop of Horrors (1986),Comedy|Horror|Musical
1114,2747,"Little Shop of Horrors, The (1960)",Comedy|Horror
1115,2750,Radio Days (1987),Comedy|Drama
1116,2759,Dick (1999),Comedy
1117,2761,"Iron Giant, The (1999)",Adventure|Animation|Children|Drama|Sci-Fi
1118,2762,"Sixth Sense, The (1999)",Drama|Horror|Mystery
1119,2763,"Thomas Crown Affair, The (1999)",Action|Mystery
1120,2764,"Thomas Crown Affair, The (1968)",Crime|Drama|Romance|Thriller
1121,2770,Bowfinger (1999),Comedy
1122,2772,Detroit Rock City (1999),Comedy
1123,2779,Heaven Can Wait (1978),Comedy
1124,2788,Monty Python's And Now for Something Completely Different (1971),Comedy
1125,2791,Airplane! (1980),Comedy
1126,2792,Airplane II: The Sequel (1982),Comedy
1127,2794,European Vacation (aka National Lampoon's European Vacation) (1985),Adventure|Comedy|Romance
1128,2795,National Lampoon's Vacation (1983),Comedy
1129,2797,Big (1988),Comedy|Drama|Fantasy|Romance
1130,2803,"Pelican Brief, The (1993)",Crime|Drama|Mystery|Romance|Thriller
1131,2804,"Christmas Story, A (1983)",Children|Comedy
1132,2805,Mickey Blue Eyes (1999),Comedy|Romance
1133,2808,Universal Soldier (1992),Action|Sci-Fi
1134,2819,Three Days of the Condor (3 Days of the Condor) (1975),Drama|Mystery|Romance|Thriller
1135,2826,"13th Warrior, The (1999)",Action|Adventure|Fantasy
1136,2827,"Astronaut's Wife, The (1999)",Horror|Sci-Fi|Thriller
1137,2840,Stigmata (1999),Drama|Thriller
1138,2841,Stir of Echoes (1999),Horror|Mystery|Thriller
1139,2857,Yellow Submarine (1968),Adventure|Animation|Comedy|Fantasy|Musical
1140,2858,American Beauty (1999),Comedy|Drama
1141,2860,Blue Streak (1999),Comedy
1142,2861,For Love of the Game (1999),Comedy|Drama
1143,2863,"Hard Day's Night, A (1964)",Adventure|Comedy|Musical
1144,2871,Deliverance (1972),Adventure|Drama|Thriller
1145,2872,Excalibur (1981),Adventure|Fantasy
1146,2875,Sommersby (1993),Drama|Mystery|Romance
1147,2881,Double Jeopardy (1999),Action|Crime|Drama|Thriller
1148,2883,Mumford (1999),Comedy|Drama
1149,2890,Three Kings (1999),Action|Adventure|Comedy|Drama|War
1150,2901,Phantasm (1979),Horror|Sci-Fi
1151,2908,Boys Don't Cry (1999),Drama
1152,2912,"Limey, The (1999)",Crime|Drama|Thriller
1153,2915,Risky Business (1983),Comedy
1154,2916,Total Recall (1990),Action|Adventure|Sci-Fi|Thriller
1155,2917,Body Heat (1981),Crime|Thriller
1156,2918,Ferris Bueller's Day Off (1986),Comedy
1157,2919,"Year of Living Dangerously, The (1982)",Drama|Romance|War
1158,2921,High Plains Drifter (1973),Western
1159,2926,Hairspray (1988),Comedy|Drama
1160,2941,South Pacific (1958),Musical|Romance|War
1161,2942,Flashdance (1983),Drama|Romance
1162,2944,"Dirty Dozen, The (1967)",Action|Drama|War
1163,2946,Help! (1965),Comedy|Musical
1164,2947,Goldfinger (1964),Action|Adventure|Thriller
1165,2948,From Russia with Love (1963),Action|Adventure|Thriller
1166,2949,Dr. No (1962),Action|Adventure|Thriller
1167,2950,"Blue Lagoon, The (1980)",Adventure|Drama|Romance
1168,2951,"Fistful of Dollars, A (Per un pugno di dollari) (1964)",Action|Western
1169,2953,Home Alone 2: Lost in New York (1992),Children|Comedy
1170,2959,Fight Club (1999),Action|Crime|Drama|Thriller
1171,2966,"Straight Story, The (1999)",Adventure|Drama
1172,2968,Time Bandits (1981),Adventure|Comedy|Fantasy|Sci-Fi
1173,2971,All That Jazz (1979),Drama|Fantasy|Musical
1174,2973,Crimes and Misdemeanors (1989),Comedy|Crime|Drama
1175,2976,Bringing Out the Dead (1999),Drama
1176,2985,RoboCop (1987),Action|Crime|Drama|Sci-Fi|Thriller
1177,2986,RoboCop 2 (1990),Action|Crime|Sci-Fi|Thriller
1178,2987,Who Framed Roger Rabbit? (1988),Adventure|Animation|Children|Comedy|Crime|Fantasy|Mystery
1179,2989,For Your Eyes Only (1981),Action|Adventure|Thriller
1180,2990,Licence to Kill (1989),Action|Adventure|Thriller
1181,2991,Live and Let Die (1973),Action|Adventure|Thriller
1182,2993,Thunderball (1965),Action|Adventure|Thriller
1183,2995,House on Haunted Hill (1999),Horror|Thriller
1184,2997,Being John Malkovich (1999),Comedy|Drama|Fantasy
1185,3000,Princess Mononoke (Mononoke-hime) (1997),Action|Adventure|Animation|Drama|Fantasy
1186,3005,"Bone Collector, The (1999)",Thriller
1187,3006,"Insider, The (1999)",Drama|Thriller
1188,3007,American Movie (1999),Documentary
1189,3016,Creepshow (1982),Horror
1190,3018,Re-Animator (1985),Comedy|Horror|Sci-Fi
1191,3019,Drugstore Cowboy (1989),Crime|Drama
1192,3020,Falling Down (1993),Action|Drama
1193,3022,"General, The (1926)",Comedy|War
1194,3030,Yojimbo (1961),Action|Adventure
1195,3033,Spaceballs (1987),Comedy|Sci-Fi
1196,3034,Robin Hood (1973),Adventure|Animation|Children|Comedy|Musical
1197,3035,Mister Roberts (1955),Comedy|Drama|War
1198,3037,Little Big Man (1970),Western
1199,3039,Trading Places (1983),Comedy
1200,3044,Dead Again (1991),Mystery|Romance|Thriller
1201,3052,Dogma (1999),Adventure|Comedy|Fantasy
1202,3053,"Messenger: The Story of Joan of Arc, The (1999)",Drama|War
1203,3060,"Commitments, The (1991)",Comedy|Drama|Musical
1204,3062,"Longest Day, The (1962)",Action|Drama|War
1205,3067,Women on the Verge of a Nervous Breakdown (Mujeres al borde de un ataque de nervios) (1988),Comedy|Drama
1206,3068,"Verdict, The (1982)",Drama|Mystery
1207,3070,"Adventures of Buckaroo Banzai Across the 8th Dimension, The (1984)",Adventure|Comedy|Sci-Fi
1208,3071,Stand and Deliver (1988),Comedy|Drama
1209,3072,Moonstruck (1987),Comedy|Romance
1210,3081,Sleepy Hollow (1999),Fantasy|Horror|Mystery|Romance
1211,3082,"World Is Not Enough, The (1999)",Action|Adventure|Thriller
1212,3083,All About My Mother (Todo sobre mi madre) (1999),Drama
1213,3087,Scrooged (1988),Comedy|Fantasy|Romance
1214,3088,Harvey (1950),Comedy|Fantasy
1215,3089,Bicycle Thieves (a.k.a. The Bicycle Thief) (a.k.a. The Bicycle Thieves) (Ladri di biciclette) (1948),Drama
1216,3095,"Grapes of Wrath, The (1940)",Drama
1217,3098,"Natural, The (1984)",Drama
1218,3100,"River Runs Through It, A (1992)",Drama
1219,3101,Fatal Attraction (1987),Drama|Thriller
1220,3104,Midnight Run (1988),Action|Comedy|Crime|Thriller
1221,3105,Awakenings (1990),Drama|Mystery
1222,3107,Backdraft (1991),Action|Drama
1223,3108,"Fisher King, The (1991)",Comedy|Drama|Fantasy|Romance
1224,3113,End of Days (1999),Action|Fantasy|Horror|Mystery|Thriller
1225,3114,Toy Story 2 (1999),Adventure|Animation|Children|Comedy|Fantasy
1226,3146,Deuce Bigalow: Male Gigolo (1999),Comedy
1227,3147,"Green Mile, The (1999)",Crime|Drama
1228,3148,"Cider House Rules, The (1999)",Drama
1229,3152,"Last Picture Show, The (1971)",Drama
1230,3155,Anna and the King (1999),Drama|Romance
1231,3156,Bicentennial Man (1999),Drama|Romance|Sci-Fi
1232,3157,Stuart Little (1999),Children|Comedy|Fantasy
1233,3159,Fantasia 2000 (1999),Animation|Children|Musical|IMAX
1234,3160,Magnolia (1999),Drama
1235,3168,Easy Rider (1969),Adventure|Drama
1236,3173,Any Given Sunday (1999),Drama
1237,3174,Man on the Moon (1999),Comedy|Drama
1238,3175,Galaxy Quest (1999),Adventure|Comedy|Sci-Fi
1239,3176,"Talented Mr. Ripley, The (1999)",Drama|Mystery|Thriller
1240,3178,"Hurricane, The (1999)",Drama
1241,3186,"Girl, Interrupted (1999)",Drama
1242,3198,Papillon (1973),Crime|Drama
1243,3201,Five Easy Pieces (1970),Drama
1244,3203,Dead Calm (1989),Thriller
1245,3210,Fast Times at Ridgemont High (1982),Comedy|Drama|Romance
1246,3243,Encino Man (1992),Comedy
1247,3246,Malcolm X (1992),Drama
1248,3247,Sister Act (1992),Comedy|Crime
1249,3248,Sister Act 2: Back in the Habit (1993),Comedy
1250,3249,"Hand That Rocks the Cradle, The (1992)",Drama|Thriller
1251,3252,Scent of a Woman (1992),Drama
1252,3253,Wayne's World (1992),Comedy
1253,3254,Wayne's World 2 (1993),Comedy
1254,3255,"League of Their Own, A (1992)",Comedy|Drama
1255,3256,Patriot Games (1992),Action|Thriller
1256,3257,"Bodyguard, The (1992)",Drama|Romance|Thriller
1257,3258,Death Becomes Her (1992),Comedy|Fantasy
1258,3259,Far and Away (1992),Adventure|Drama|Romance
1259,3260,Howards End (1992),Drama
1260,3261,Singles (1992),Comedy|Drama|Romance
1261,3263,White Men Can't Jump (1992),Comedy|Drama
1262,3264,Buffy the Vampire Slayer (1992),Action|Comedy|Horror
1263,3265,Hard-Boiled (Lat sau san taam) (1992),Action|Crime|Drama|Thriller
1264,3267,"Mariachi, El (1992)",Action|Crime|Thriller|Western
1265,3268,Stop! Or My Mom Will Shoot (1992),Action|Comedy
1266,3269,Forever Young (1992),Drama|Romance|Sci-Fi
1267,3271,Of Mice and Men (1992),Drama
1268,3273,Scream 3 (2000),Comedy|Horror|Mystery|Thriller
1269,3274,Single White Female (1992),Drama|Thriller
1270,3275,"Boondock Saints, The (2000)",Action|Crime|Drama|Thriller
1271,3285,"Beach, The (2000)",Adventure|Drama
1272,3298,Boiler Room (2000),Crime|Drama|Thriller
1273,3300,Pitch Black (2000),Horror|Sci-Fi|Thriller
1274,3301,"Whole Nine Yards, The (2000)",Comedy|Crime
1275,3307,City Lights (1931),Comedy|Drama|Romance
1276,3316,Reindeer Games (2000),Action|Thriller
1277,3317,Wonder Boys (2000),Comedy|Drama
1278,3328,Ghost Dog: The Way of the Samurai (1999),Crime|Drama
1279,3334,Key Largo (1948),Crime|Drama|Film-Noir|Thriller
1280,3354,Mission to Mars (2000),Sci-Fi
1281,3355,"Ninth Gate, The (1999)",Fantasy|Horror|Mystery|Thriller
1282,3358,Defending Your Life (1991),Comedy|Drama|Fantasy|Romance
1283,3359,Breaking Away (1979),Comedy|Drama
1284,3360,Hoosiers (a.k.a. Best Shot) (1986),Drama|Romance
1285,3361,Bull Durham (1988),Comedy|Drama|Romance
1286,3362,Dog Day Afternoon (1975),Crime|Drama
1287,3363,American Graffiti (1973),Comedy|Drama
1288,3365,"Searchers, The (1956)",Drama|Western
1289,3386,JFK (1991),Drama|Mystery|Thriller
1290,3396,"Muppet Movie, The (1979)",Adventure|Children|Comedy|Musical
1291,3397,"Great Muppet Caper, The (1981)",Children|Comedy
1292,3398,"Muppets Take Manhattan, The (1984)",Children|Comedy|Musical
1293,3408,Erin Brockovich (2000),Drama
1294,3409,Final Destination (2000),Drama|Thriller
1295,3418,Thelma & Louise (1991),Adventure|Crime|Drama
1296,3421,Animal House (1978),Comedy
1297,3424,Do the Right Thing (1989),Drama
1298,3429,Creature Comforts (1989),Animation|Comedy
1299,3435,Double Indemnity (1944),Crime|Drama|Film-Noir
1300,3438,Teenage Mutant Ninja Turtles (1990),Action|Children|Comedy|Fantasy|Sci-Fi
1301,3439,Teenage Mutant Ninja Turtles II: The Secret of the Ooze (1991),Action|Children|Fantasy
1302,3441,Red Dawn (1984),Action|Drama|War
1303,3448,"Good Morning, Vietnam (1987)",Comedy|Drama|War
1304,3450,Grumpy Old Men (1993),Comedy
1305,3451,Guess Who's Coming to Dinner (1967),Drama
1306,3452,Romeo Must Die (2000),Action|Crime|Romance|Thriller
1307,3461,Lord of the Flies (1963),Adventure|Drama|Thriller
1308,3462,Modern Times (1936),Comedy|Drama|Romance
1309,3468,"Hustler, The (1961)",Drama
1310,3471,Close Encounters of the Third Kind (1977),Adventure|Drama|Sci-Fi
1311,3476,Jacob's Ladder (1990),Horror|Mystery
1312,3477,Empire Records (1995),Comedy|Drama
1313,3479,Ladyhawke (1985),Adventure|Fantasy|Romance
1314,3481,High Fidelity (2000),Comedy|Drama|Romance
1315,3483,"Road to El Dorado, The (2000)",Animation|Children
1316,3484,"Skulls, The (2000)",Thriller
1317,3489,Hook (1991),Adventure|Comedy|Fantasy
1318,3498,Midnight Express (1978),Drama
1319,3499,Misery (1990),Drama|Horror|Thriller
1320,3503,Solaris (Solyaris) (1972),Drama|Mystery|Sci-Fi
1321,3504,Network (1976),Comedy|Drama
1322,3505,No Way Out (1987),Drama|Mystery|Thriller
1323,3507,"Odd Couple, The (1968)",Comedy
1324,3508,"Outlaw Josey Wales, The (1976)",Action|Adventure|Drama|Thriller|Western
1325,3510,Frequency (2000),Drama|Thriller
1326,3512,Return to Me (2000),Drama|Romance
1327,3513,Rules of Engagement (2000),Drama|Thriller
1328,3524,Arthur (1981),Comedy|Romance
1329,3526,Parenthood (1989),Comedy|Drama
1330,3527,Predator (1987),Action|Sci-Fi|Thriller
1331,3534,28 Days (2000),Drama
1332,3535,American Psycho (2000),Crime|Horror|Mystery|Thriller
1333,3536,Keeping the Faith (2000),Comedy|Drama|Romance
1334,3543,Diner (1982),Comedy|Drama
1335,3545,Cabaret (1972),Drama|Musical
1336,3551,Marathon Man (1976),Crime|Drama|Thriller
1337,3552,Caddyshack (1980),Comedy
1338,3555,U-571 (2000),Action|Thriller|War
1339,3556,"Virgin Suicides, The (1999)",Drama|Romance
1340,3578,Gladiator (2000),Action|Adventure|Drama
1341,3591,Mr. Mom (1983),Comedy|Drama
1342,3593,Battlefield Earth (2000),Action|Sci-Fi
1343,3608,Pee-wee's Big Adventure (1985),Adventure|Comedy
1344,3615,Dinosaur (2000),Adventure|Animation|Children
1345,3617,Road Trip (2000),Comedy
1346,3618,Small Time Crooks (2000),Comedy|Crime
1347,3623,Mission: Impossible II (2000),Action|Adventure|Thriller
1348,3624,Shanghai Noon (2000),Action|Adventure|Comedy|Western
1349,3629,"Gold Rush, The (1925)",Adventure|Comedy|Romance
1350,3633,On Her Majesty's Secret Service (1969),Action|Adventure|Romance|Thriller
1351,3635,"Spy Who Loved Me, The (1977)",Action|Adventure|Thriller
1352,3638,Moonraker (1979),Action|Adventure|Sci-Fi|Thriller
1353,3639,"Man with the Golden Gun, The (1974)",Action|Adventure|Thriller
1354,3646,Big Momma's House (2000),Comedy
1355,3654,"Guns of Navarone, The (1961)",Action|Adventure|Drama|War
1356,3668,Romeo and Juliet (1968),Drama|Romance
1357,3671,Blazing Saddles (1974),Comedy|Western
1358,3676,Eraserhead (1977),Drama|Horror
1359,3681,For a Few Dollars More (Per qualche dollaro in più) (1965),Action|Drama|Thriller|Western
1360,3683,Blood Simple (1984),Crime|Drama|Film-Noir
1361,3684,"Fabulous Baker Boys, The (1989)",Drama|Romance
1362,3686,Flatliners (1990),Horror|Sci-Fi|Thriller
1363,3697,Predator 2 (1990),Action|Sci-Fi|Thriller
1364,3698,"Running Man, The (1987)",Action|Sci-Fi
1365,3699,Starman (1984),Adventure|Drama|Romance|Sci-Fi
1366,3701,Alien Nation (1988),Crime|Drama|Sci-Fi|Thriller
1367,3702,Mad Max (1979),Action|Adventure|Sci-Fi
1368,3703,"Road Warrior, The (Mad Max 2) (1981)",Action|Adventure|Sci-Fi
1369,3704,Mad Max Beyond Thunderdome (1985),Action|Adventure|Sci-Fi
1370,3706,Angel Heart (1987),Film-Noir|Horror|Mystery|Thriller
1371,3717,Gone in 60 Seconds (2000),Action|Crime
1372,3723,Hamlet (1990),Drama
1373,3730,"Conversation, The (1974)",Drama|Mystery
1374,3735,Serpico (1973),Crime|Drama
1375,3740,Big Trouble in Little China (1986),Action|Adventure|Comedy|Fantasy
1376,3744,Shaft (2000),Action|Crime|Thriller
1377,3745,Titan A.E. (2000),Action|Adventure|Animation|Children|Sci-Fi
1378,3751,Chicken Run (2000),Animation|Children|Comedy
1379,3752,"Me, Myself & Irene (2000)",Adventure|Comedy
1380,3753,"Patriot, The (2000)",Action|Drama|War
1381,3755,"Perfect Storm, The (2000)",Drama|Thriller
1382,3763,F/X (1986),Action|Crime|Thriller
1383,3785,Scary Movie (2000),Comedy|Horror
1384,3791,Footloose (1984),Drama
1385,3793,X-Men (2000),Action|Adventure|Sci-Fi
1386,3798,What Lies Beneath (2000),Drama|Horror|Mystery
1387,3809,What About Bob? (1991),Comedy
1388,3821,Nutty Professor II: The Klumps (2000),Comedy
1389,3825,Coyote Ugly (2000),Comedy|Drama|Romance
1390,3826,Hollow Man (2000),Horror|Sci-Fi|Thriller
1391,3827,Space Cowboys (2000),Action|Adventure|Comedy|Sci-Fi
1392,3836,Kelly's Heroes (1970),Action|Comedy|War
1393,3844,Steel Magnolias (1989),Drama
1394,3861,"Replacements, The (2000)",Comedy
1395,3863,"Cell, The (2000)",Drama|Horror|Thriller
1396,3868,"Naked Gun: From the Files of Police Squad!, The (1988)",Action|Comedy|Crime|Romance
1397,3869,"Naked Gun 2 1/2: The Smell of Fear, The (1991)",Comedy
1398,3882,Bring It On (2000),Comedy
1399,3893,Nurse Betty (2000),Comedy|Crime|Drama|Romance|Thriller
1400,3897,Almost Famous (2000),Drama
1401,3910,Dancer in the Dark (2000),Drama|Musical
1402,3911,Best in Show (2000),Comedy
1403,3916,Remember the Titans (2000),Drama
1404,3948,Meet the Parents (2000),Comedy
1405,3949,Requiem for a Dream (2000),Drama
1406,3952,"Contender, The (2000)",Drama|Thriller
1407,3959,"Time Machine, The (1960)",Action|Adventure|Sci-Fi
1408,3967,Billy Elliot (2000),Drama
1409,3968,Bedazzled (2000),Comedy
1410,3969,Pay It Forward (2000),Drama
1411,3972,"Legend of Drunken Master, The (Jui kuen II) (1994)",Action|Comedy
1412,3977,Charlie's Angels (2000),Action|Comedy
1413,3978,"Legend of Bagger Vance, The (2000)",Drama|Romance
1414,3979,Little Nicky (2000),Comedy
1415,3980,Men of Honor (2000),Drama
1416,3981,Red Planet (2000),Action|Sci-Fi|Thriller
1417,3983,You Can Count on Me (2000),Drama|Romance
1418,3984,Diamonds Are Forever (1971),Action|Adventure|Thriller
1419,3986,"6th Day, The (2000)",Action|Sci-Fi|Thriller
1420,3988,How the Grinch Stole Christmas (a.k.a. The Grinch) (2000),Children|Comedy|Fantasy
1421,3993,Quills (2000),Drama|Romance
1422,3994,Unbreakable (2000),Drama|Sci-Fi
1423,3996,"Crouching Tiger, Hidden Dragon (Wo hu cang long) (2000)",Action|Drama|Romance
1424,3998,Proof of Life (2000),Drama
1425,3999,Vertical Limit (2000),Action|Adventure
1426,4002,"Planes, Trains & Automobiles (1987)",Comedy
1427,4005,"Living Daylights, The (1987)",Action|Adventure|Thriller
1428,4006,Transformers: The Movie (1986),Adventure|Animation|Children|Sci-Fi
1429,4007,Wall Street (1987),Drama
1430,4008,Born on the Fourth of July (1989),Drama|War
1431,4011,Snatch (2000),Comedy|Crime|Thriller
1432,4014,Chocolat (2000),Drama|Romance
1433,4015,"Dude, Where's My Car? (2000)",Comedy|Sci-Fi
1434,4016,"Emperor's New Groove, The (2000)",Adventure|Animation|Children|Comedy|Fantasy
1435,4018,What Women Want (2000),Comedy|Romance
1436,4019,Finding Forrester (2000),Drama
1437,4020,"Gift, The (2000)",Thriller
1438,4022,Cast Away (2000),Drama
1439,4023,"Family Man, The (2000)",Comedy|Drama|Romance
1440,4025,Miss Congeniality (2000),Comedy|Crime
1441,4027,"O Brother, Where Art Thou? (2000)",Adventure|Comedy|Crime
1442,4029,State and Main (2000),Comedy|Drama
1443,4033,Thirteen Days (2000),Drama|Thriller|War
1444,4034,Traffic (2000),Crime|Drama|Thriller
1445,4039,Annie (1982),Children|Musical
1446,4041,"Officer and a Gentleman, An (1982)",Drama|Romance
1447,4052,Antitrust (2001),Crime|Drama|Thriller
1448,4054,Save the Last Dance (2001),Drama|Romance
1449,4062,Mystic Pizza (1988),Comedy|Drama|Romance
1450,4069,"Wedding Planner, The (2001)",Comedy|Romance
1451,4084,Beverly Hills Cop II (1987),Action|Comedy|Crime|Thriller
1452,4085,Beverly Hills Cop (1984),Action|Comedy|Crime|Drama
1453,4102,Eddie Murphy Raw (1987),Comedy|Documentary
1454,4103,Empire of the Sun (1987),Action|Adventure|Drama|War
1455,4105,"Evil Dead, The (1981)",Fantasy|Horror|Thriller
1456,4121,Innerspace (1987),Action|Adventure|Comedy|Sci-Fi
1457,4128,"Lost Boys, The (1987)",Comedy|Horror|Thriller
1458,4144,In the Mood For Love (Fa yeung nin wa) (2000),Drama|Romance
1459,4148,Hannibal (2001),Horror|Thriller
1460,4161,"Mexican, The (2001)",Action|Comedy
1461,4214,Revenge of the Nerds (1984),Comedy
1462,4223,Enemy at the Gates (2001),Drama|War
1463,4226,Memento (2000),Mystery|Thriller
1464,4232,Spy Kids (2001),Action|Adventure|Children|Comedy
1465,4235,Amores Perros (Love's a Bitch) (2000),Drama|Thriller
1466,4238,Along Came a Spider (2001),Action|Crime|Mystery|Thriller
1467,4239,Blow (2001),Crime|Drama
1468,4246,Bridget Jones's Diary (2001),Comedy|Drama|Romance
1469,4247,Joe Dirt (2001),Adventure|Comedy|Mystery|Romance
1470,4262,Scarface (1983),Action|Crime|Drama
1471,4270,"Mummy Returns, The (2001)",Action|Adventure|Comedy|Thriller
1472,4280,"World According to Garp, The (1982)",Comedy|Drama|Romance
1473,4299,"Knight's Tale, A (2001)",Action|Comedy|Romance
1474,4306,Shrek (2001),Adventure|Animation|Children|Comedy|Fantasy|Romance
1475,4308,Moulin Rouge (2001),Drama|Musical|Romance
1476,4310,Pearl Harbor (2001),Action|Drama|Romance|War
1477,4321,City Slickers (1991),Comedy|Western
1478,4326,Mississippi Burning (1988),Crime|Drama|Thriller
1479,4327,"Magnificent Seven, The (1960)",Adventure|Western
1480,4333,Throw Momma from the Train (1987),Comedy|Crime
1481,4340,"Animal, The (2001)",Comedy
1482,4343,Evolution (2001),Comedy|Sci-Fi
1483,4344,Swordfish (2001),Action|Crime|Drama
1484,4351,Point Break (1991),Action|Crime|Thriller
1485,4361,Tootsie (1982),Comedy|Romance
1486,4366,Atlantis: The Lost Empire (2001),Adventure|Animation|Children|Fantasy
1487,4367,Lara Croft: Tomb Raider (2001),Action|Adventure
1488,4369,"Fast and the Furious, The (2001)",Action|Crime|Thriller
1489,4370,A.I. Artificial Intelligence (2001),Adventure|Drama|Sci-Fi
1490,4378,Sexy Beast (2000),Comedy|Crime|Drama
1491,4388,Scary Movie 2 (2001),Comedy
1492,4446,Final Fantasy: The Spirits Within (2001),Adventure|Animation|Fantasy|Sci-Fi
1493,4447,Legally Blonde (2001),Comedy|Romance
1494,4448,"Score, The (2001)",Action|Drama
1495,4467,"Adventures of Baron Munchausen, The (1988)",Adventure|Comedy|Fantasy
1496,4487,Cocktail (1988),Drama|Romance
1497,4489,Coming to America (1988),Comedy|Romance
1498,4499,Dirty Rotten Scoundrels (1988),Comedy
1499,4545,Short Circuit (1986),Comedy|Sci-Fi
1500,4558,Twins (1988),Comedy
1501,4571,Bill & Ted's Excellent Adventure (1989),Adventure|Comedy|Sci-Fi
1502,4621,Look Who's Talking (1989),Comedy|Romance
1503,4623,Major League (1989),Comedy
1504,4638,Jurassic Park III (2001),Action|Adventure|Sci-Fi|Thriller
1505,4639,America's Sweethearts (2001),Comedy|Romance
1506,4641,Ghost World (2001),Comedy|Drama
1507,4642,Hedwig and the Angry Inch (2000),Comedy|Drama|Musical
1508,4643,Planet of the Apes (2001),Action|Adventure|Drama|Sci-Fi
1509,4677,Turner & Hooch (1989),Comedy|Crime
1510,4679,Uncle Buck (1989),Comedy
1511,4700,"Princess Diaries, The (2001)",Children|Comedy|Romance
1512,4701,Rush Hour 2 (2001),Action|Comedy
1513,4718,American Pie 2 (2001),Comedy
1514,4720,"Others, The (2001)",Drama|Horror|Mystery|Thriller
1515,4728,Rat Race (2001),Comedy
1516,4734,Jay and Silent Bob Strike Back (2001),Adventure|Comedy
1517,4776,Training Day (2001),Crime|Drama|Thriller
1518,4816,Zoolander (2001),Comedy
1519,4823,Serendipity (2001),Comedy|Romance
1520,4844,Bandits (2001),Comedy|Crime|Romance
1521,4848,Mulholland Drive (2001),Crime|Drama|Film-Noir|Mystery|Thriller
1522,4855,Dirty Harry (1971),Action|Crime|Thriller
1523,4857,Fiddler on the Roof (1971),Drama|Musical
1524,4865,From Hell (2001),Crime|Horror|Mystery|Thriller
1525,4873,Waking Life (2001),Animation|Drama|Fantasy
1526,4874,K-PAX (2001),Drama|Fantasy|Mystery|Sci-Fi
1527,4878,Donnie Darko (2001),Drama|Mystery|Sci-Fi|Thriller
1528,4880,Life as a House (2001),Drama
1529,4881,"Man Who Wasn't There, The (2001)",Crime|Drama
1530,4886,"Monsters, Inc. (2001)",Adventure|Animation|Children|Comedy|Fantasy
1531,4887,"One, The (2001)",Action|Sci-Fi|Thriller
1532,4890,Shallow Hal (2001),Comedy|Fantasy|Romance
1533,4896,Harry Potter and the Sorcerer's Stone (a.k.a. Harry Potter and the Philosopher's Stone) (2001),Adventure|Children|Fantasy
1534,4901,Spy Game (2001),Action|Crime|Drama|Thriller
1535,4903,In the Bedroom (2001),Drama
1536,4958,Behind Enemy Lines (2001),Action|Drama|War
1537,4963,Ocean's Eleven (2001),Crime|Thriller
1538,4973,"Amelie (Fabuleux destin d'Amélie Poulain, Le) (2001)",Comedy|Romance
1539,4974,Not Another Teen Movie (2001),Comedy
1540,4975,Vanilla Sky (2001),Mystery|Romance|Sci-Fi|Thriller
1541,4979,"Royal Tenenbaums, The (2001)",Comedy|Drama
1542,4980,Bill & Ted's Bogus Journey (1991),Adventure|Comedy|Fantasy|Sci-Fi
1543,4992,Kate & Leopold (2001),Comedy|Romance
1544,4993,"Lord of the Rings: The Fellowship of the Ring, The (2001)",Adventure|Fantasy
1545,4995,"Beautiful Mind, A (2001)",Drama|Romance
1546,5009,Ali (2001),Drama
1547,5010,Black Hawk Down (2001),Action|Drama|War
1548,5013,Gosford Park (2001),Comedy|Drama|Mystery
1549,5014,I Am Sam (2001),Drama
1550,5015,Monster's Ball (2001),Drama|Romance
1551,5025,Orange County (2002),Comedy
1552,5026,"Brotherhood of the Wolf (Pacte des loups, Le) (2001)",Action|Mystery|Thriller
1553,5049,48 Hrs. (1982),Action|Comedy|Crime|Drama
1554,5060,M*A*S*H (a.k.a. MASH) (1970),Comedy|Drama|War
1555,5064,The Count of Monte Cristo (2002),Action|Adventure|Drama|Romance|Thriller
1556,5065,"Mothman Prophecies, The (2002)",Drama|Fantasy|Horror|Mystery|Thriller
1557,5103,"Sandlot, The (1993)",Children|Comedy|Drama
1558,5110,Super Troopers (2001),Comedy|Crime|Mystery
1559,5135,Monsoon Wedding (2001),Comedy|Romance
1560,5151,40 Days and 40 Nights (2002),Comedy|Romance
1561,5152,We Were Soldiers (2002),Action|Drama|War
1562,5171,"Time Machine, The (2002)",Action|Adventure|Sci-Fi
1563,5218,Ice Age (2002),Adventure|Animation|Children|Comedy
1564,5219,Resident Evil (2002),Action|Horror|Sci-Fi|Thriller
1565,5225,And Your Mother Too (Y tu mamá también) (2001),Drama|Romance
1566,5254,Blade II (2002),Action|Horror|Thriller
1567,5266,Panic Room (2002),Thriller
1568,5283,National Lampoon's Van Wilder (2002),Comedy
1569,5291,Rashomon (Rashômon) (1950),Crime|Drama|Mystery
1570,5292,Slap Shot (1977),Comedy
1571,5294,Frailty (2001),Crime|Drama|Thriller
1572,5299,My Big Fat Greek Wedding (2002),Comedy|Romance
1573,5308,Three Men and a Baby (1987),Comedy
1574,5313,"Scorpion King, The (2002)",Action|Adventure|Fantasy
1575,5349,Spider-Man (2002),Action|Adventure|Sci-Fi|Thriller
1576,5377,About a Boy (2002),Comedy|Drama|Romance
1577,5378,Star Wars: Episode II - Attack of the Clones (2002),Action|Adventure|Sci-Fi|IMAX
1578,5388,Insomnia (2002),Action|Crime|Drama|Mystery|Thriller
1579,5400,"Sum of All Fears, The (2002)",Drama|Thriller
1580,5418,"Bourne Identity, The (2002)",Action|Mystery|Thriller
1581,5444,Lilo & Stitch (2002),Adventure|Animation|Children|Sci-Fi
1582,5445,Minority Report (2002),Action|Crime|Mystery|Sci-Fi|Thriller
1583,5449,Mr. Deeds (2002),Comedy|Romance
1584,5452,Look Who's Talking Now (1993),Children|Comedy|Romance
1585,5459,Men in Black II (a.k.a. MIIB) (a.k.a. MIB 2) (2002),Action|Comedy|Sci-Fi
1586,5463,Reign of Fire (2002),Action|Adventure|Fantasy
1587,5464,Road to Perdition (2002),Crime|Drama
1588,5481,Austin Powers in Goldmember (2002),Comedy
1589,5500,Top Secret! (1984),Comedy
1590,5502,Signs (2002),Horror|Sci-Fi|Thriller
1591,5505,"Good Girl, The (2002)",Comedy|Drama
1592,5507,xXx (2002),Action|Crime|Thriller
1593,5528,One Hour Photo (2002),Drama|Thriller
1594,5541,Hot Shots! (1991),Action|Comedy|Romance|War
1595,5574,"Transporter, The (2002)",Action|Crime
1596,5577,Igby Goes Down (2002),Comedy|Drama
1597,5608,"Das Experiment (Experiment, The) (2001)",Drama|Thriller
1598,5617,Secretary (2002),Comedy|Drama|Romance
1599,5618,Spirited Away (Sen to Chihiro no kamikakushi) (2001),Adventure|Animation|Fantasy
1600,5620,Sweet Home Alabama (2002),Comedy|Romance
1601,5630,Red Dragon (2002),Crime|Mystery|Thriller
1602,5669,Bowling for Columbine (2002),Documentary
1603,5673,Punch-Drunk Love (2002),Comedy|Drama|Romance
1604,5679,"Ring, The (2002)",Horror|Mystery|Thriller
1605,5690,Grave of the Fireflies (Hotaru no haka) (1988),Animation|Drama|War
1606,5693,Saturday Night Fever (1977),Comedy|Drama|Romance
1607,5782,"Professional, The (Le professionnel) (1981)",Action|Drama|Thriller
1608,5785,Jackass: The Movie (2002),Action|Comedy|Documentary
1609,5791,Frida (2002),Drama|Romance
1610,5810,8 Mile (2002),Drama
1611,5812,Far from Heaven (2002),Drama|Romance
1612,5816,Harry Potter and the Chamber of Secrets (2002),Adventure|Fantasy
1613,5872,Die Another Day (2002),Action|Adventure|Thriller
1614,5878,Talk to Her (Hable con Ella) (2002),Drama|Romance
1615,5881,Solaris (2002),Drama|Romance|Sci-Fi
1616,5900,Analyze That (2002),Comedy|Crime
1617,5902,Adaptation (2002),Comedy|Drama|Romance
1618,5903,Equilibrium (2002),Action|Sci-Fi|Thriller
1619,5944,Star Trek: Nemesis (2002),Action|Drama|Sci-Fi|Thriller
1620,5945,About Schmidt (2002),Comedy|Drama
1621,5952,"Lord of the Rings: The Two Towers, The (2002)",Adventure|Fantasy
1622,5954,25th Hour (2002),Crime|Drama
1623,5956,Gangs of New York (2002),Crime|Drama
1624,5957,Two Weeks Notice (2002),Comedy|Romance
1625,5971,My Neighbor Totoro (Tonari no Totoro) (1988),Animation|Children|Drama|Fantasy
1626,5989,Catch Me If You Can (2002),Crime|Drama
1627,5991,Chicago (2002),Comedy|Crime|Drama|Musical
1628,5992,"Hours, The (2002)",Drama|Romance
1629,5995,"Pianist, The (2002)",Drama|War
1630,6003,Confessions of a Dangerous Mind (2002),Comedy|Crime|Drama|Thriller
1631,6016,City of God (Cidade de Deus) (2002),Action|Adventure|Crime|Drama|Thriller
1632,6059,"Recruit, The (2003)",Action|Thriller
1633,6104,Monty Python Live at the Hollywood Bowl (1982),Comedy
1634,6155,How to Lose a Guy in 10 Days (2003),Comedy|Romance
1635,6156,Shanghai Knights (2003),Action|Adventure|Comedy
1636,6157,Daredevil (2003),Action|Crime
1637,6188,Old School (2003),Comedy
1638,6218,Bend It Like Beckham (2002),Comedy|Drama|Romance
1639,6242,Ringu (Ring) (1998),Horror|Mystery|Thriller
1640,6281,Phone Booth (2002),Drama|Thriller
1641,6283,Cowboy Bebop: The Movie (Cowboy Bebop: Tengoku no Tobira) (2001),Action|Animation|Sci-Fi|Thriller
1642,6287,Anger Management (2003),Comedy
1643,6296,"Mighty Wind, A (2003)",Comedy|Musical
1644,6297,Holes (2003),Adventure|Children|Comedy|Mystery
1645,6323,Identity (2003),Crime|Horror|Mystery|Thriller
1646,6331,Spellbound (2002),Documentary
1647,6333,X2: X-Men United (2003),Action|Adventure|Sci-Fi|Thriller
1648,6350,Laputa: Castle in the Sky (Tenkû no shiro Rapyuta) (1986),Action|Adventure|Animation|Children|Fantasy|Sci-Fi
1649,6365,"Matrix Reloaded, The (2003)",Action|Adventure|Sci-Fi|Thriller|IMAX
1650,6373,Bruce Almighty (2003),Comedy|Drama|Fantasy|Romance
1651,6377,Finding Nemo (2003),Adventure|Animation|Children|Comedy
1652,6378,"Italian Job, The (2003)",Action|Crime
1653,6380,Capturing the Friedmans (2003),Documentary
1654,6383,"2 Fast 2 Furious (Fast and the Furious 2, The) (2003)",Action|Crime|Thriller
1655,6385,Whale Rider (2002),Drama
1656,6440,Barton Fink (1991),Drama|Thriller
1657,6502,28 Days Later (2002),Action|Horror|Sci-Fi
1658,6503,Charlie's Angels: Full Throttle (2003),Action|Adventure|Comedy|Crime|Thriller
1659,6534,Hulk (2003),Action|Adventure|Sci-Fi
1660,6537,Terminator 3: Rise of the Machines (2003),Action|Adventure|Sci-Fi
1661,6539,Pirates of the Caribbean: The Curse of the Black Pearl (2003),Action|Adventure|Comedy|Fantasy
1662,6541,"League of Extraordinary Gentlemen, The (a.k.a. LXG) (2003)",Action|Fantasy|Sci-Fi
1663,6548,Bad Boys II (2003),Action|Comedy|Crime|Thriller
1664,6552,Dirty Pretty Things (2002),Crime|Drama|Thriller
1665,6564,Lara Croft Tomb Raider: The Cradle of Life (2003),Action|Adventure|Comedy|Romance|Thriller
1666,6565,Seabiscuit (2003),Drama
1667,6586,American Wedding (American Pie 3) (2003),Comedy
1668,6593,Freaky Friday (2003),Children|Comedy|Fantasy
1669,6595,S.W.A.T. (2003),Action|Thriller
1670,6618,Shaolin Soccer (Siu lam juk kau) (2001),Action|Comedy
1671,6620,American Splendor (2003),Comedy|Drama
1672,6659,Tremors (1990),Comedy|Horror|Sci-Fi
1673,6662,"Pink Panther, The (1963)",Comedy|Crime
1674,6708,Matchstick Men (2003),Comedy|Crime|Drama
1675,6709,Once Upon a Time in Mexico (2003),Action|Adventure|Crime|Thriller
1676,6711,Lost in Translation (2003),Comedy|Drama|Romance
1677,6753,Secondhand Lions (2003),Children|Comedy|Drama
1678,6754,Underworld (2003),Action|Fantasy|Horror
1679,6755,Bubba Ho-tep (2002),Comedy|Horror
1680,6773,"Triplets of Belleville, The (Les triplettes de Belleville) (2003)",Animation|Comedy|Fantasy
1681,6774,Videodrome (1983),Fantasy|Horror|Sci-Fi|Thriller
1682,6787,All the President's Men (1976),Drama|Thriller
1683,6796,Boyz N the Hood (1991),Crime|Drama
1684,6807,Monty Python's The Meaning of Life (1983),Comedy
1685,6863,School of Rock (2003),Comedy|Musical
1686,6867,"Station Agent, The (2003)",Comedy|Drama
1687,6870,Mystic River (2003),Crime|Drama|Mystery
1688,6873,Intolerable Cruelty (2003),Comedy|Romance
1689,6874,Kill Bill: Vol. 1 (2003),Action|Crime|Thriller
1690,6879,Runaway Jury (2003),Drama|Thriller
1691,6888,Scary Movie 3 (2003),Comedy|Horror
1692,6893,"Italian Job, The (1969)",Action|Comedy|Crime
1693,6934,"Matrix Revolutions, The (2003)",Action|Adventure|Sci-Fi|Thriller|IMAX
1694,6936,Elf (2003),Children|Comedy|Fantasy
1695,6942,Love Actually (2003),Comedy|Drama|Romance
1696,6944,Father of the Bride (1991),Comedy
1697,6947,Master and Commander: The Far Side of the World (2003),Adventure|Drama|War
1698,6953,21 Grams (2003),Crime|Drama|Mystery|Romance|Thriller
1699,6957,Bad Santa (2003),Comedy|Crime
1700,6979,WarGames (1983),Drama|Sci-Fi|Thriller
1701,7004,Kindergarten Cop (1990),Action|Comedy|Crime|Thriller
1702,7022,Battle Royale (Batoru rowaiaru) (2000),Action|Drama|Horror|Thriller
1703,7090,Hero (Ying xiong) (2002),Action|Adventure|Drama
1704,7099,Nausicaä of the Valley of the Wind (Kaze no tani no Naushika) (1984),Adventure|Animation|Drama|Fantasy|Sci-Fi
1705,7139,In America (2002),Drama|Romance
1706,7143,"Last Samurai, The (2003)",Action|Adventure|Drama|War
1707,7147,Big Fish (2003),Drama|Fantasy|Romance
1708,7153,"Lord of the Rings: The Return of the King, The (2003)",Action|Adventure|Drama|Fantasy
1709,7156,"Fog of War: Eleven Lessons from the Life of Robert S. McNamara, The (2003)",Documentary|War
1710,7158,House of Sand and Fog (2003),Drama
1711,7160,Monster (2003),Crime|Drama
1712,7162,Cold Mountain (2003),Drama|Romance|War
1713,7163,Paycheck (2003),Action|Sci-Fi|Thriller
1714,7173,Along Came Polly (2004),Comedy|Romance
1715,7254,The Butterfly Effect (2004),Drama|Sci-Fi|Thriller
1716,7256,Touching the Void (2003),Adventure|Documentary
1717,7293,50 First Dates (2004),Comedy|Romance
1718,7318,"Passion of the Christ, The (2004)",Drama
1719,7323,"Good bye, Lenin! (2003)",Comedy|Drama
1720,7324,Hidalgo (2004),Adventure|Drama
1721,7325,Starsky & Hutch (2004),Action|Comedy|Crime|Thriller
1722,7347,Secret Window (2004),Mystery|Thriller
1723,7360,Dawn of the Dead (2004),Action|Drama|Horror|Thriller
1724,7361,Eternal Sunshine of the Spotless Mind (2004),Drama|Romance|Sci-Fi
1725,7367,"Ladykillers, The (2004)",Comedy|Crime
1726,7371,Dogville (2003),Drama|Mystery|Thriller
1727,7373,Hellboy (2004),Action|Adventure|Fantasy|Horror
1728,7387,Dawn of the Dead (1978),Action|Drama|Horror
1729,7438,Kill Bill: Vol. 2 (2004),Action|Drama|Thriller
1730,7444,13 Going on 30 (2004),Comedy|Fantasy|Romance
1731,7445,Man on Fire (2004),Action|Crime|Drama|Mystery|Thriller
1732,7451,Mean Girls (2004),Comedy
1733,7454,Van Helsing (2004),Action|Adventure|Fantasy|Horror
1734,7458,Troy (2004),Action|Adventure|Drama|War
1735,7482,Enter the Dragon (1973),Action|Crime
1736,7502,Band of Brothers (2001),Action|Drama|War
1737,7569,You Only Live Twice (1967),Action|Adventure|Sci-Fi|Thriller
1738,8132,Gladiator (1992),Action|Drama
1739,8228,"Maltese Falcon, The (a.k.a. Dangerous Female) (1931)",Mystery
1740,8360,Shrek 2 (2004),Adventure|Animation|Children|Comedy|Musical|Romance
1741,8361,"Day After Tomorrow, The (2004)",Action|Adventure|Drama|Sci-Fi|Thriller
1742,8366,Saved! (2004),Comedy|Drama
1743,8368,Harry Potter and the Prisoner of Azkaban (2004),Adventure|Fantasy|IMAX
1744,8371,"Chronicles of Riddick, The (2004)",Action|Sci-Fi|Thriller
1745,8376,Napoleon Dynamite (2004),Comedy
1746,8464,Super Size Me (2004),Comedy|Documentary|Drama
1747,8528,Dodgeball: A True Underdog Story (2004),Comedy
1748,8529,"Terminal, The (2004)",Comedy|Drama|Romance
1749,8533,"Notebook, The (2004)",Drama|Romance
1750,8622,Fahrenheit 9/11 (2004),Documentary
1751,8623,Roxanne (1987),Comedy|Romance
1752,8636,Spider-Man 2 (2004),Action|Adventure|Sci-Fi|IMAX
1753,8638,Before Sunset (2004),Drama|Romance
1754,8640,King Arthur (2004),Action|Adventure|Drama|War
1755,8641,Anchorman: The Legend of Ron Burgundy (2004),Comedy
1756,8644,"I, Robot (2004)",Action|Adventure|Sci-Fi|Thriller
1757,8665,"Bourne Supremacy, The (2004)",Action|Crime|Thriller
1758,8781,"Manchurian Candidate, The (2004)",Thriller
1759,8783,"Village, The (2004)",Drama|Mystery|Thriller
1760,8784,Garden State (2004),Comedy|Drama|Romance
1761,8798,Collateral (2004),Action|Crime|Drama|Thriller
1762,8807,Harold and Kumar Go to White Castle (2004),Adventure|Comedy
1763,8810,AVP: Alien vs. Predator (2004),Action|Horror|Sci-Fi|Thriller
1764,8861,Resident Evil: Apocalypse (2004),Action|Horror|Sci-Fi|Thriller
1765,8865,Sky Captain and the World of Tomorrow (2004),Action|Adventure|Sci-Fi
1766,8873,"Motorcycle Diaries, The (Diarios de motocicleta) (2004)",Adventure|Drama
1767,8874,Shaun of the Dead (2004),Comedy|Horror
1768,8907,Shark Tale (2004),Animation|Children|Comedy
1769,8910,I Heart Huckabees (2004),Comedy
1770,8914,Primer (2004),Drama|Sci-Fi
1771,8917,Team America: World Police (2004),Action|Adventure|Animation|Comedy
1772,8949,Sideways (2004),Comedy|Drama|Romance
1773,8950,"Machinist, The (Maquinista, El) (2004)",Mystery|Thriller
1774,8957,Saw (2004),Horror|Mystery|Thriller
1775,8958,Ray (2004),Drama
1776,8961,"Incredibles, The (2004)",Action|Adventure|Animation|Children|Comedy
1777,8970,Finding Neverland (2004),Drama
1778,8972,National Treasure (2004),Action|Adventure|Drama|Mystery|Thriller
1779,8977,Alexander (2004),Action|Adventure|Drama|War
1780,8981,Closer (2004),Drama|Romance
1781,8983,House of Flying Daggers (Shi mian mai fu) (2004),Action|Drama|Romance
1782,8984,Ocean's Twelve (2004),Action|Comedy|Crime|Thriller
1783,8985,Blade: Trinity (2004),Action|Fantasy|Horror|Thriller
1784,26614,"Bourne Identity, The (1988)",Action|Adventure|Drama|Mystery|Thriller
1785,26662,Kiki's Delivery Service (Majo no takkyûbin) (1989),Adventure|Animation|Children|Drama|Fantasy
1786,26776,Porco Rosso (Crimson Pig) (Kurenai no buta) (1992),Adventure|Animation|Comedy|Fantasy|Romance
1787,27611,Battlestar Galactica (2003),Drama|Sci-Fi|War
1788,27660,"Animatrix, The (2003)",Action|Animation|Drama|Sci-Fi
1789,27706,Lemony Snicket's A Series of Unfortunate Events (2004),Adventure|Children|Comedy|Fantasy
1790,27773,Old Boy (2003),Mystery|Thriller
1791,27831,Layer Cake (2004),Crime|Drama|Thriller
1792,27904,"Scanner Darkly, A (2006)",Animation|Drama|Mystery|Sci-Fi|Thriller
1793,30707,Million Dollar Baby (2004),Drama
1794,30749,Hotel Rwanda (2004),Drama|War
1795,30793,Charlie and the Chocolate Factory (2005),Adventure|Children|Comedy|Fantasy|IMAX
1796,30810,"Life Aquatic with Steve Zissou, The (2004)",Adventure|Comedy|Fantasy
1797,30812,"Aviator, The (2004)",Drama
1798,30825,Meet the Fockers (2004),Comedy
1799,31410,"Downfall (Untergang, Der) (2004)",Drama|War
1800,31658,Howl's Moving Castle (Hauru no ugoku shiro) (2004),Adventure|Animation|Fantasy|Romance
1801,31685,Hitch (2005),Comedy|Romance
1802,31696,Constantine (2005),Action|Fantasy|Horror|Thriller
1803,31878,Kung Fu Hustle (Gong fu) (2004),Action|Comedy
1804,32587,Sin City (2005),Action|Crime|Film-Noir|Mystery|Thriller
1805,33004,"Hitchhiker's Guide to the Galaxy, The (2005)",Adventure|Comedy|Sci-Fi
1806,33162,Kingdom of Heaven (2005),Action|Drama|Romance|War
1807,33166,Crash (2004),Crime|Drama
1808,33493,Star Wars: Episode III - Revenge of the Sith (2005),Action|Adventure|Sci-Fi
1809,33615,Madagascar (2005),Adventure|Animation|Children|Comedy
1810,33660,Cinderella Man (2005),Drama|Romance
1811,33679,Mr. & Mrs. Smith (2005),Action|Adventure|Comedy|Romance
1812,33794,Batman Begins (2005),Action|Crime|IMAX
1813,34048,War of the Worlds (2005),Action|Adventure|Sci-Fi|Thriller
1814,34072,"March of the Penguins (Marche de l'empereur, La) (2005)",Documentary
1815,34150,Fantastic Four (2005),Action|Adventure|Sci-Fi
1816,34162,Wedding Crashers (2005),Comedy|Romance
1817,34319,"Island, The (2005)",Action|Sci-Fi|Thriller
1818,34405,Serenity (2005),Action|Adventure|Sci-Fi
1819,34437,Broken Flowers (2005),Comedy|Drama
1820,35836,"40-Year-Old Virgin, The (2005)",Comedy|Romance
1821,36401,"Brothers Grimm, The (2005)",Comedy|Fantasy|Horror|Thriller
1822,36517,"Constant Gardener, The (2005)",Drama|Thriller
1823,36529,Lord of War (2005),Action|Crime|Drama|Thriller|War
1824,37386,Aeon Flux (2005),Action|Sci-Fi
1825,37729,Corpse Bride (2005),Animation|Comedy|Fantasy|Musical|Romance
1826,37733,"History of Violence, A (2005)",Action|Crime|Drama|Thriller
1827,37741,Capote (2005),Crime|Drama
1828,38038,Wallace & Gromit in The Curse of the Were-Rabbit (2005),Adventure|Animation|Children|Comedy
1829,38061,Kiss Kiss Bang Bang (2005),Comedy|Crime|Mystery|Thriller
1830,39183,Brokeback Mountain (2005),Drama|Romance
1831,39292,"Good Night, and Good Luck. (2005)",Crime|Drama
1832,39446,Saw II (2005),Horror|Thriller
1833,40278,Jarhead (2005),Action|Drama|War
1834,40583,Syriana (2005),Drama|Thriller
1835,40629,Pride & Prejudice (2005),Drama|Romance
1836,40815,Harry Potter and the Goblet of Fire (2005),Adventure|Fantasy|Thriller|IMAX
1837,40819,Walk the Line (2005),Drama|Musical|Romance
1838,41285,Match Point (2005),Crime|Drama|Romance
1839,41566,"Chronicles of Narnia: The Lion, the Witch and the Wardrobe, The (2005)",Adventure|Children|Fantasy
1840,41569,King Kong (2005),Action|Adventure|Drama|Fantasy|Thriller
1841,41997,Munich (2005),Action|Crime|Drama|Thriller
1842,44022,Ice Age 2: The Meltdown (2006),Adventure|Animation|Children|Comedy
1843,44191,V for Vendetta (2006),Action|Sci-Fi|Thriller|IMAX
1844,44195,Thank You for Smoking (2006),Comedy|Drama
1845,44199,Inside Man (2006),Crime|Drama|Thriller
1846,44555,"Lives of Others, The (Das leben der Anderen) (2006)",Drama|Romance|Thriller
1847,44665,Lucky Number Slevin (2006),Crime|Drama|Mystery
1848,44761,Brick (2005),Crime|Drama|Film-Noir|Mystery
1849,45186,Mission: Impossible III (2006),Action|Adventure|Thriller
1850,45431,Over the Hedge (2006),Adventure|Animation|Children|Comedy
1851,45447,"Da Vinci Code, The (2006)",Drama|Mystery|Thriller
1852,45499,X-Men: The Last Stand (2006),Action|Sci-Fi|Thriller
1853,45517,Cars (2006),Animation|Children|Comedy
1854,45720,"Devil Wears Prada, The (2006)",Comedy|Drama
1855,45722,Pirates of the Caribbean: Dead Man's Chest (2006),Action|Adventure|Fantasy
1856,45728,Clerks II (2006),Comedy
1857,45950,"Inconvenient Truth, An (2006)",Documentary
1858,46530,Superman Returns (2006),Action|Adventure|Sci-Fi|IMAX
1859,46578,Little Miss Sunshine (2006),Adventure|Comedy|Drama
1860,46723,Babel (2006),Drama|Thriller
1861,46970,Talladega Nights: The Ballad of Ricky Bobby (2006),Action|Comedy
1862,46972,Night at the Museum (2006),Action|Comedy|Fantasy|IMAX
1863,46976,Stranger than Fiction (2006),Comedy|Drama|Fantasy|Romance
1864,47099,"Pursuit of Happyness, The (2006)",Drama
1865,47610,"Illusionist, The (2006)",Drama|Fantasy|Mystery|Romance
1866,48043,"Fountain, The (2006)",Drama|Fantasy|Romance
1867,48304,Apocalypto (2006),Adventure|Drama|Thriller
1868,48385,Borat: Cultural Learnings of America for Make Benefit Glorious Nation of Kazakhstan (2006),Comedy
1869,48394,"Pan's Labyrinth (Laberinto del fauno, El) (2006)",Drama|Fantasy|Thriller
1870,48516,"Departed, The (2006)",Crime|Drama|Thriller
1871,48738,"Last King of Scotland, The (2006)",Drama|Thriller
1872,48774,Children of Men (2006),Action|Adventure|Drama|Sci-Fi|Thriller
1873,48780,"Prestige, The (2006)",Drama|Mystery|Sci-Fi|Thriller
1874,49272,Casino Royale (2006),Action|Adventure|Thriller
1875,49278,Déjà Vu (Deja Vu) (2006),Action|Sci-Fi|Thriller
1876,49530,Blood Diamond (2006),Action|Adventure|Crime|Drama|Thriller|War
1877,50872,Ratatouille (2007),Animation|Children|Drama
1878,51255,Hot Fuzz (2007),Action|Comedy|Crime|Mystery
1879,51540,Zodiac (2007),Crime|Drama|Thriller
1880,51662,300 (2007),Action|Fantasy|War|IMAX
1881,52281,Grindhouse (2007),Action|Crime|Horror|Sci-Fi|Thriller
1882,52328,Sunshine (2007),Adventure|Drama|Sci-Fi|Thriller
1883,52722,Spider-Man 3 (2007),Action|Adventure|Sci-Fi|Thriller|IMAX
1884,52973,Knocked Up (2007),Comedy|Drama|Romance
1885,53000,28 Weeks Later (2007),Horror|Sci-Fi|Thriller
1886,53121,Shrek the Third (2007),Adventure|Animation|Children|Comedy|Fantasy
1887,53123,Once (2006),Drama|Musical|Romance
1888,53125,Pirates of the Caribbean: At World's End (2007),Action|Adventure|Comedy|Fantasy
1889,53322,Ocean's Thirteen (2007),Crime|Thriller
1890,53519,Death Proof (2007),Action|Adventure|Crime|Horror|Thriller
1891,53953,1408 (2007),Drama|Horror|Thriller
1892,53972,Live Free or Die Hard (2007),Action|Adventure|Crime|Thriller
1893,53996,Transformers (2007),Action|Sci-Fi|Thriller|IMAX
1894,54001,Harry Potter and the Order of the Phoenix (2007),Adventure|Drama|Fantasy|IMAX
1895,54259,Stardust (2007),Adventure|Comedy|Fantasy|Romance
1896,54272,"Simpsons Movie, The (2007)",Animation|Comedy
1897,54286,"Bourne Ultimatum, The (2007)",Action|Crime|Thriller
1898,54503,Superbad (2007),Comedy
1899,54995,Planet Terror (2007),Action|Horror|Sci-Fi
1900,54997,3:10 to Yuma (2007),Action|Crime|Drama|Western
1901,55052,Atonement (2007),Drama|Romance|War
1902,55118,Eastern Promises (2007),Crime|Drama|Thriller
1903,55247,Into the Wild (2007),Action|Adventure|Drama
1904,55269,"Darjeeling Limited, The (2007)",Adventure|Comedy|Drama
1905,55276,Michael Clayton (2007),Drama|Thriller
1906,55290,Gone Baby Gone (2007),Crime|Drama|Mystery
1907,55765,American Gangster (2007),Crime|Drama|Thriller
1908,55820,No Country for Old Men (2007),Crime|Drama
1909,56152,Enchanted (2007),Adventure|Animation|Children|Comedy|Fantasy|Musical|Romance
1910,56174,I Am Legend (2007),Action|Horror|Sci-Fi|Thriller|IMAX
1911,56367,Juno (2007),Comedy|Drama|Romance
1912,56757,Sweeney Todd: The Demon Barber of Fleet Street (2007),Drama|Horror|Musical|Thriller
1913,56782,There Will Be Blood (2007),Drama|Western
1914,57368,Cloverfield (2008),Action|Mystery|Sci-Fi|Thriller
1915,57669,In Bruges (2008),Comedy|Crime|Drama|Thriller
1916,58559,"Dark Knight, The (2008)",Action|Crime|Drama|IMAX
1917,58803,21 (2008),Crime|Drama|Romance|Thriller
1918,58998,Forgetting Sarah Marshall (2008),Comedy|Romance
1919,59315,Iron Man (2008),Action|Adventure|Sci-Fi
1920,59369,Taken (2008),Action|Crime|Drama|Thriller
1921,59387,"Fall, The (2006)",Adventure|Drama|Fantasy
1922,59615,Indiana Jones and the Kingdom of the Crystal Skull (2008),Action|Adventure|Comedy|Sci-Fi
1923,59784,Kung Fu Panda (2008),Action|Animation|Children|Comedy|IMAX
1924,60040,"Incredible Hulk, The (2008)",Action|Sci-Fi
1925,60069,WALL·E (2008),Adventure|Animation|Children|Romance|Sci-Fi
1926,60072,Wanted (2008),Action|Thriller
1927,60074,Hancock (2008),Action|Adventure|Comedy|Crime|Fantasy
1928,60684,Watchmen (2009),Action|Drama|Mystery|Sci-Fi|Thriller|IMAX
1929,61024,Pineapple Express (2008),Action|Comedy|Crime
1930,61132,Tropic Thunder (2008),Action|Adventure|Comedy|War
1931,61240,Let the Right One In (Låt den rätte komma in) (2008),Drama|Fantasy|Horror|Romance
1932,61323,Burn After Reading (2008),Comedy|Crime|Drama
1933,62434,Zack and Miri Make a Porno (2008),Comedy|Drama|Romance
1934,63082,Slumdog Millionaire (2008),Crime|Drama|Romance
1935,63113,Quantum of Solace (2008),Action|Adventure|Thriller
1936,63876,Milk (2008),Drama
1937,64614,Gran Torino (2008),Crime|Drama
1938,64839,"Wrestler, The (2008)",Drama
1939,64957,"Curious Case of Benjamin Button, The (2008)",Drama|Fantasy|Mystery|Romance
1940,66097,Coraline (2009),Animation|Fantasy|Thriller
1941,66934,Dr. Horrible's Sing-Along Blog (2008),Comedy|Drama|Musical|Sci-Fi
1942,67087,"I Love You, Man (2009)",Comedy
1943,67255,"Girl with the Dragon Tattoo, The (Män som hatar kvinnor) (2009)",Crime|Drama|Mystery|Thriller
1944,68157,Inglourious Basterds (2009),Action|Drama|War
1945,68237,Moon (2009),Drama|Mystery|Sci-Fi|Thriller
1946,68319,X-Men Origins: Wolverine (2009),Action|Sci-Fi|Thriller
1947,68358,Star Trek (2009),Action|Adventure|Sci-Fi|IMAX
1948,68954,Up (2009),Adventure|Animation|Children|Drama
1949,69122,"Hangover, The (2009)",Comedy|Crime
1950,69481,"Hurt Locker, The (2008)",Action|Drama|Thriller|War
1951,69757,(500) Days of Summer (2009),Comedy|Drama|Romance
1952,69844,Harry Potter and the Half-Blood Prince (2009),Adventure|Fantasy|Mystery|Romance|IMAX
1953,70286,District 9 (2009),Mystery|Sci-Fi|Thriller
1954,71535,Zombieland (2009),Action|Comedy|Horror
1955,72011,Up in the Air (2009),Drama|Romance
1956,72226,Fantastic Mr. Fox (2009),Adventure|Animation|Children|Comedy|Crime
1957,72378,2012 (2009),Action|Drama|Sci-Fi|Thriller
1958,72998,Avatar (2009),Action|Adventure|Sci-Fi|IMAX
1959,73017,Sherlock Holmes (2009),Action|Crime|Mystery|Thriller
1960,74458,Shutter Island (2010),Drama|Mystery|Thriller
1961,74789,Alice in Wonderland (2010),Adventure|Fantasy|IMAX
1962,76093,How to Train Your Dragon (2010),Adventure|Animation|Children|Fantasy|IMAX
1963,76251,Kick-Ass (2010),Action|Comedy
1964,77561,Iron Man 2 (2010),Action|Adventure|Sci-Fi|Thriller|IMAX
1965,78499,Toy Story 3 (2010),Adventure|Animation|Children|Comedy|Fantasy|IMAX
1966,79091,Despicable Me (2010),Animation|Children|Comedy|Crime
1967,79132,Inception (2010),Action|Crime|Drama|Mystery|Sci-Fi|Thriller|IMAX
1968,79702,Scott Pilgrim vs. the World (2010),Action|Comedy|Fantasy|Musical|Romance
1969,80463,"Social Network, The (2010)",Drama
1970,81562,127 Hours (2010),Adventure|Drama|Thriller
1971,81591,Black Swan (2010),Drama|Thriller
1972,81834,Harry Potter and the Deathly Hallows: Part 1 (2010),Action|Adventure|Fantasy|IMAX
1973,81845,"King's Speech, The (2010)",Drama
1974,81847,Tangled (2010),Animation|Children|Comedy|Fantasy|Musical|Romance|IMAX
1975,82459,True Grit (2010),Western
1976,84152,Limitless (2011),Sci-Fi|Thriller
1977,85414,Source Code (2011),Action|Drama|Mystery|Sci-Fi|Thriller
1978,86332,Thor (2011),Action|Adventure|Drama|Fantasy|IMAX
1979,86882,Midnight in Paris (2011),Comedy|Fantasy|Romance
1980,87232,X-Men: First Class (2011),Action|Adventure|Sci-Fi|Thriller|War
1981,88125,Harry Potter and the Deathly Hallows: Part 2 (2011),Action|Adventure|Drama|Fantasy|Mystery|IMAX
1982,88129,Drive (2011),Crime|Drama|Film-Noir|Thriller
1983,88140,Captain America: The First Avenger (2011),Action|Adventure|Sci-Fi|Thriller|War
1984,89745,"Avengers, The (2012)",Action|Adventure|Sci-Fi|IMAX
1985,91500,"Hunger Games, The (2012)",Action|Adventure|Drama|Sci-Fi|Thriller
1986,91529,"Dark Knight Rises, The (2012)",Action|Adventure|Crime|IMAX
1987,91542,Sherlock Holmes: A Game of Shadows (2011),Action|Adventure|Comedy|Crime|Mystery|Thriller
1988,91658,"Girl with the Dragon Tattoo, The (2011)",Drama|Thriller
1989,92259,Intouchables (2011),Comedy|Drama
1990,96079,Skyfall (2012),Action|Adventure|Thriller|IMAX
1991,96610,Looper (2012),Action|Crime|Sci-Fi
1992,97304,Argo (2012),Drama|Thriller
1993,98809,"Hobbit: An Unexpected Journey, The (2012)",Adventure|Fantasy|IMAX
1994,99114,Django Unchained (2012),Action|Drama|Western
1995,102445,Star Trek Into Darkness (2013),Action|Adventure|Sci-Fi|IMAX
1996,104841,Gravity (2013),Action|Sci-Fi|IMAX
1997,106487,"Hunger Games: Catching Fire, The (2013)",Action|Adventure|Sci-Fi|IMAX
1998,106782,"Wolf of Wall Street, The (2013)",Comedy|Crime|Drama
1999,112852,Guardians of the Galaxy (2014),Action|Adventure|Sci-Fi
